-- MySQL dump 10.13  Distrib 8.0.39, for Linux (x86_64)
--
-- Host: mysql    Database: laravel
-- ------------------------------------------------------
-- Server version	8.0.32

/*!40101 SET @OLD_CHARACTER_SET_CLIENT=@@CHARACTER_SET_CLIENT */;
/*!40101 SET @OLD_CHARACTER_SET_RESULTS=@@CHARACTER_SET_RESULTS */;
/*!40101 SET @OLD_COLLATION_CONNECTION=@@COLLATION_CONNECTION */;
/*!50503 SET NAMES utf8mb4 */;
/*!40103 SET @OLD_TIME_ZONE=@@TIME_ZONE */;
/*!40103 SET TIME_ZONE='+00:00' */;
/*!40014 SET @OLD_UNIQUE_CHECKS=@@UNIQUE_CHECKS, UNIQUE_CHECKS=0 */;
/*!40014 SET @OLD_FOREIGN_KEY_CHECKS=@@FOREIGN_KEY_CHECKS, FOREIGN_KEY_CHECKS=0 */;
/*!40101 SET @OLD_SQL_MODE=@@SQL_MODE, SQL_MODE='NO_AUTO_VALUE_ON_ZERO' */;
/*!40111 SET @OLD_SQL_NOTES=@@SQL_NOTES, SQL_NOTES=0 */;

--
-- Table structure for table `clients`
--

DROP TABLE IF EXISTS `clients`;
/*!40101 SET @saved_cs_client     = @@character_set_client */;
/*!50503 SET character_set_client = utf8mb4 */;
CREATE TABLE `clients` (
  `id` bigint unsigned NOT NULL AUTO_INCREMENT,
  `nick` varchar(255) COLLATE utf8mb4_unicode_ci NOT NULL,
  `email` varchar(255) COLLATE utf8mb4_unicode_ci NOT NULL,
  `email_verified_at` timestamp NULL DEFAULT NULL,
  `password` varchar(255) COLLATE utf8mb4_unicode_ci NOT NULL,
  `img` varchar(255) COLLATE utf8mb4_unicode_ci NOT NULL,
  `remember_token` varchar(100) COLLATE utf8mb4_unicode_ci DEFAULT NULL,
  `created_at` timestamp NULL DEFAULT NULL,
  `updated_at` timestamp NULL DEFAULT NULL,
  PRIMARY KEY (`id`),
  UNIQUE KEY `clients_email_unique` (`email`)
) ENGINE=InnoDB DEFAULT CHARSET=utf8mb4 COLLATE=utf8mb4_unicode_ci;
/*!40101 SET character_set_client = @saved_cs_client */;

--
-- Dumping data for table `clients`
--

LOCK TABLES `clients` WRITE;
/*!40000 ALTER TABLE `clients` DISABLE KEYS */;
/*!40000 ALTER TABLE `clients` ENABLE KEYS */;
UNLOCK TABLES;

--
-- Table structure for table `component`
--

DROP TABLE IF EXISTS `component`;
/*!40101 SET @saved_cs_client     = @@character_set_client */;
/*!50503 SET character_set_client = utf8mb4 */;
CREATE TABLE `component` (
  `id` bigint unsigned NOT NULL AUTO_INCREMENT,
  `created_at` timestamp NULL DEFAULT NULL,
  `updated_at` timestamp NULL DEFAULT NULL,
  `name` text COLLATE utf8mb4_unicode_ci NOT NULL,
  `desc` varchar(255) COLLATE utf8mb4_unicode_ci NOT NULL,
  `component_type_id` bigint unsigned DEFAULT NULL,
  PRIMARY KEY (`id`),
  KEY `component_component_type_id_foreign` (`component_type_id`),
  CONSTRAINT `component_component_type_id_foreign` FOREIGN KEY (`component_type_id`) REFERENCES `component_type` (`id`) ON DELETE CASCADE
) ENGINE=InnoDB AUTO_INCREMENT=7 DEFAULT CHARSET=utf8mb4 COLLATE=utf8mb4_unicode_ci;
/*!40101 SET character_set_client = @saved_cs_client */;

--
-- Dumping data for table `component`
--

LOCK TABLES `component` WRITE;
/*!40000 ALTER TABLE `component` DISABLE KEYS */;
INSERT INTO `component` VALUES (2,'2024-09-24 19:08:02','2024-09-24 19:14:25','Grid col-1','Grid layout 1 colum',1),(3,'2024-09-24 19:08:02','2024-09-24 19:08:02','card 1','card layout',2),(4,'2024-09-24 19:08:02','2024-09-24 19:08:02','title h1','text components',3),(5,'2024-09-24 19:08:02','2024-09-24 19:08:03','codeplayground_v2','codeplayground_v2',4),(6,'2024-09-24 19:08:03','2024-09-24 19:08:03','img component','img',5);
/*!40000 ALTER TABLE `component` ENABLE KEYS */;
UNLOCK TABLES;

--
-- Table structure for table `component_attribute`
--

DROP TABLE IF EXISTS `component_attribute`;
/*!40101 SET @saved_cs_client     = @@character_set_client */;
/*!50503 SET character_set_client = utf8mb4 */;
CREATE TABLE `component_attribute` (
  `id` bigint unsigned NOT NULL AUTO_INCREMENT,
  `created_at` timestamp NULL DEFAULT NULL,
  `updated_at` timestamp NULL DEFAULT NULL,
  `name` varchar(255) COLLATE utf8mb4_unicode_ci DEFAULT NULL,
  `value` longtext COLLATE utf8mb4_unicode_ci,
  `component_id` bigint unsigned DEFAULT NULL,
  PRIMARY KEY (`id`),
  KEY `component_attribute_component_id_foreign` (`component_id`),
  CONSTRAINT `component_attribute_component_id_foreign` FOREIGN KEY (`component_id`) REFERENCES `component` (`id`) ON DELETE CASCADE
) ENGINE=InnoDB AUTO_INCREMENT=17 DEFAULT CHARSET=utf8mb4 COLLATE=utf8mb4_unicode_ci;
/*!40101 SET character_set_client = @saved_cs_client */;

--
-- Dumping data for table `component_attribute`
--

LOCK TABLES `component_attribute` WRITE;
/*!40000 ALTER TABLE `component_attribute` DISABLE KEYS */;
INSERT INTO `component_attribute` VALUES (2,'2024-09-24 19:08:02','2024-09-24 19:08:02','styles','grid grid-cols-4 gap-4 bg-bgTern text-textPrimary border-4 border-red-200',2),(3,'2024-09-24 19:08:02','2024-09-24 19:08:02','styles','grid grid-cols-1 gap-4 bg-bgTern text-textPrimary border-4 border-red-200',3),(4,'2024-09-24 19:08:02','2024-09-24 19:08:02','text_label','title',4),(5,'2024-09-24 19:08:02','2024-09-24 19:08:03','html','<p>Testing</p>',5),(6,'2024-09-24 19:08:02','2024-09-24 19:08:03','css','p{color:red}',5),(7,'2024-09-24 19:08:02','2024-09-24 19:08:03','js','console.log(\'testing\');',5),(8,'2024-09-24 19:08:02','2024-09-24 19:08:03','height','h-[300px]',5),(9,'2024-09-24 19:08:02','2024-09-24 19:08:03','bg_color_1','bg-[#151528]',5),(10,'2024-09-24 19:08:02','2024-09-24 19:08:03','bg_color_2','bg-[#2A2A50]',5),(11,'2024-09-24 19:08:02','2024-09-24 19:08:03','text_color_1','text-[#d8d6ff]',5),(12,'2024-09-24 19:08:02','2024-09-24 19:08:03','text_color_2','text-[#7e73a2]',5),(13,'2024-09-24 19:08:03','2024-09-24 19:08:03','rounded','rounded-lg',5),(14,'2024-09-24 19:08:03','2024-09-24 19:08:03','styles','p-5 relative m-0 w-full shrink-0 overflow-hidden rounded-sm rounded-r-none',6),(15,'2024-09-24 19:08:03','2024-09-24 19:08:03','img_styles','rounded-xl border-solid border-8 border-neutral-900 h-full w-full object-cover',6),(16,'2024-09-24 19:08:03','2024-09-24 19:08:03','num','0',6);
/*!40000 ALTER TABLE `component_attribute` ENABLE KEYS */;
UNLOCK TABLES;

--
-- Table structure for table `component_type`
--

DROP TABLE IF EXISTS `component_type`;
/*!40101 SET @saved_cs_client     = @@character_set_client */;
/*!50503 SET character_set_client = utf8mb4 */;
CREATE TABLE `component_type` (
  `id` bigint unsigned NOT NULL AUTO_INCREMENT,
  `created_at` timestamp NULL DEFAULT NULL,
  `updated_at` timestamp NULL DEFAULT NULL,
  `name` varchar(255) COLLATE utf8mb4_unicode_ci NOT NULL,
  `desc` varchar(255) COLLATE utf8mb4_unicode_ci NOT NULL,
  PRIMARY KEY (`id`)
) ENGINE=InnoDB AUTO_INCREMENT=6 DEFAULT CHARSET=utf8mb4 COLLATE=utf8mb4_unicode_ci;
/*!40101 SET character_set_client = @saved_cs_client */;

--
-- Dumping data for table `component_type`
--

LOCK TABLES `component_type` WRITE;
/*!40000 ALTER TABLE `component_type` DISABLE KEYS */;
INSERT INTO `component_type` VALUES (1,'2024-09-24 19:08:02','2024-09-24 19:08:02','grid','type grid'),(2,'2024-09-24 19:08:02','2024-09-24 19:08:02','card','desc'),(3,'2024-09-24 19:08:02','2024-09-24 19:08:02','text','desc'),(4,'2024-09-24 19:08:02','2024-09-24 19:08:02','codeplayground_v2','desc'),(5,'2024-09-24 19:08:03','2024-09-24 19:08:03','img','desc');
/*!40000 ALTER TABLE `component_type` ENABLE KEYS */;
UNLOCK TABLES;

--
-- Table structure for table `failed_jobs`
--

DROP TABLE IF EXISTS `failed_jobs`;
/*!40101 SET @saved_cs_client     = @@character_set_client */;
/*!50503 SET character_set_client = utf8mb4 */;
CREATE TABLE `failed_jobs` (
  `id` bigint unsigned NOT NULL AUTO_INCREMENT,
  `uuid` varchar(255) COLLATE utf8mb4_unicode_ci NOT NULL,
  `connection` text COLLATE utf8mb4_unicode_ci NOT NULL,
  `queue` text COLLATE utf8mb4_unicode_ci NOT NULL,
  `payload` longtext COLLATE utf8mb4_unicode_ci NOT NULL,
  `exception` longtext COLLATE utf8mb4_unicode_ci NOT NULL,
  `failed_at` timestamp NOT NULL DEFAULT CURRENT_TIMESTAMP,
  PRIMARY KEY (`id`),
  UNIQUE KEY `failed_jobs_uuid_unique` (`uuid`)
) ENGINE=InnoDB DEFAULT CHARSET=utf8mb4 COLLATE=utf8mb4_unicode_ci;
/*!40101 SET character_set_client = @saved_cs_client */;

--
-- Dumping data for table `failed_jobs`
--

LOCK TABLES `failed_jobs` WRITE;
/*!40000 ALTER TABLE `failed_jobs` DISABLE KEYS */;
/*!40000 ALTER TABLE `failed_jobs` ENABLE KEYS */;
UNLOCK TABLES;

--
-- Table structure for table `images`
--

DROP TABLE IF EXISTS `images`;
/*!40101 SET @saved_cs_client     = @@character_set_client */;
/*!50503 SET character_set_client = utf8mb4 */;
CREATE TABLE `images` (
  `id` bigint unsigned NOT NULL AUTO_INCREMENT,
  `created_at` timestamp NULL DEFAULT NULL,
  `updated_at` timestamp NULL DEFAULT NULL,
  `name` varchar(255) COLLATE utf8mb4_unicode_ci NOT NULL,
  `url` varchar(255) COLLATE utf8mb4_unicode_ci NOT NULL,
  `desc` varchar(255) COLLATE utf8mb4_unicode_ci NOT NULL,
  `post_id` bigint unsigned DEFAULT NULL,
  `post_content_id` bigint unsigned DEFAULT NULL,
  `component_id` bigint unsigned DEFAULT NULL,
  PRIMARY KEY (`id`),
  KEY `images_post_id_foreign` (`post_id`),
  KEY `images_post_content_id_foreign` (`post_content_id`),
  KEY `images_component_id_foreign` (`component_id`),
  CONSTRAINT `images_component_id_foreign` FOREIGN KEY (`component_id`) REFERENCES `component` (`id`) ON DELETE CASCADE,
  CONSTRAINT `images_post_content_id_foreign` FOREIGN KEY (`post_content_id`) REFERENCES `post_contents` (`id`) ON DELETE CASCADE,
  CONSTRAINT `images_post_id_foreign` FOREIGN KEY (`post_id`) REFERENCES `posts` (`id`) ON DELETE CASCADE
) ENGINE=InnoDB AUTO_INCREMENT=3 DEFAULT CHARSET=utf8mb4 COLLATE=utf8mb4_unicode_ci;
/*!40101 SET character_set_client = @saved_cs_client */;

--
-- Dumping data for table `images`
--

LOCK TABLES `images` WRITE;
/*!40000 ALTER TABLE `images` DISABLE KEYS */;
INSERT INTO `images` VALUES (1,'2024-09-24 19:08:03','2024-09-24 19:08:03','portfolio4.png','portfolio4.png','img',NULL,NULL,6),(2,'2024-09-24 19:08:03','2024-09-24 19:08:03','portfolio14.png','portfolio14.png','img',NULL,NULL,6);
/*!40000 ALTER TABLE `images` ENABLE KEYS */;
UNLOCK TABLES;

--
-- Table structure for table `migrations`
--

DROP TABLE IF EXISTS `migrations`;
/*!40101 SET @saved_cs_client     = @@character_set_client */;
/*!50503 SET character_set_client = utf8mb4 */;
CREATE TABLE `migrations` (
  `id` int unsigned NOT NULL AUTO_INCREMENT,
  `migration` varchar(255) COLLATE utf8mb4_unicode_ci NOT NULL,
  `batch` int NOT NULL,
  PRIMARY KEY (`id`)
) ENGINE=InnoDB AUTO_INCREMENT=29 DEFAULT CHARSET=utf8mb4 COLLATE=utf8mb4_unicode_ci;
/*!40101 SET character_set_client = @saved_cs_client */;

--
-- Dumping data for table `migrations`
--

LOCK TABLES `migrations` WRITE;
/*!40000 ALTER TABLE `migrations` DISABLE KEYS */;
INSERT INTO `migrations` VALUES (1,'2014_10_12_000000_create_users_table',1),(2,'2014_10_12_100000_create_password_reset_tokens_table',1),(3,'2019_08_19_000000_create_failed_jobs_table',1),(4,'2019_12_14_000001_create_personal_access_tokens_table',1),(5,'2022_12_15_003335_create_post_categories_table',1),(6,'2022_12_15_003335_create_post_content_types_table',1),(7,'2022_12_15_003336_create_clients_table',1),(8,'2022_12_15_003336_create_post_content_type_attributes_table',1),(9,'2022_12_15_003336_create_posts_table',1),(10,'2022_12_15_003337_create_post_contents_table',1),(11,'2022_12_15_003338_create_post_content_attributes_table',1),(12,'2022_12_15_003338_create_post_subcontents_table',1),(13,'2023_01_24_150529_create_post_tags_table',1),(14,'2023_01_24_150530_create_posts_tags_table',1),(15,'2023_01_24_150536_cretae_post_comments_table',1),(16,'2023_06_07_224956_create_permission_tables',1),(17,'2024_01_13_210601_post_content_attributes_custom',1),(18,'2024_01_15_211128_post',1),(19,'2024_01_15_211129_component_type',1),(20,'2024_01_15_211130_component',1),(21,'2024_01_15_211137_post_component',1),(22,'2024_01_15_211151_component_attribute',1),(23,'2024_01_15_211152_post_component_attribute',1),(24,'2024_01_15_211306_subcomponent',1),(25,'2024_01_15_211308_subcomponent_attribute',1),(26,'2024_01_15_211309_create_posts_images_table',1),(27,'2024_01_19_170625_relation_subcomponents',1),(28,'2024_01_24_000505_add_order_to_subcomponent_table',1);
/*!40000 ALTER TABLE `migrations` ENABLE KEYS */;
UNLOCK TABLES;

--
-- Table structure for table `model_has_permissions`
--

DROP TABLE IF EXISTS `model_has_permissions`;
/*!40101 SET @saved_cs_client     = @@character_set_client */;
/*!50503 SET character_set_client = utf8mb4 */;
CREATE TABLE `model_has_permissions` (
  `permission_id` bigint unsigned NOT NULL,
  `model_type` varchar(255) COLLATE utf8mb4_unicode_ci NOT NULL,
  `model_id` bigint unsigned NOT NULL,
  PRIMARY KEY (`permission_id`,`model_id`,`model_type`),
  KEY `model_has_permissions_model_id_model_type_index` (`model_id`,`model_type`),
  CONSTRAINT `model_has_permissions_permission_id_foreign` FOREIGN KEY (`permission_id`) REFERENCES `permissions` (`id`) ON DELETE CASCADE
) ENGINE=InnoDB DEFAULT CHARSET=utf8mb4 COLLATE=utf8mb4_unicode_ci;
/*!40101 SET character_set_client = @saved_cs_client */;

--
-- Dumping data for table `model_has_permissions`
--

LOCK TABLES `model_has_permissions` WRITE;
/*!40000 ALTER TABLE `model_has_permissions` DISABLE KEYS */;
/*!40000 ALTER TABLE `model_has_permissions` ENABLE KEYS */;
UNLOCK TABLES;

--
-- Table structure for table `model_has_roles`
--

DROP TABLE IF EXISTS `model_has_roles`;
/*!40101 SET @saved_cs_client     = @@character_set_client */;
/*!50503 SET character_set_client = utf8mb4 */;
CREATE TABLE `model_has_roles` (
  `role_id` bigint unsigned NOT NULL,
  `model_type` varchar(255) COLLATE utf8mb4_unicode_ci NOT NULL,
  `model_id` bigint unsigned NOT NULL,
  PRIMARY KEY (`role_id`,`model_id`,`model_type`),
  KEY `model_has_roles_model_id_model_type_index` (`model_id`,`model_type`),
  CONSTRAINT `model_has_roles_role_id_foreign` FOREIGN KEY (`role_id`) REFERENCES `roles` (`id`) ON DELETE CASCADE
) ENGINE=InnoDB DEFAULT CHARSET=utf8mb4 COLLATE=utf8mb4_unicode_ci;
/*!40101 SET character_set_client = @saved_cs_client */;

--
-- Dumping data for table `model_has_roles`
--

LOCK TABLES `model_has_roles` WRITE;
/*!40000 ALTER TABLE `model_has_roles` DISABLE KEYS */;
INSERT INTO `model_has_roles` VALUES (1,'App\\Models\\User',1);
/*!40000 ALTER TABLE `model_has_roles` ENABLE KEYS */;
UNLOCK TABLES;

--
-- Table structure for table `password_reset_tokens`
--

DROP TABLE IF EXISTS `password_reset_tokens`;
/*!40101 SET @saved_cs_client     = @@character_set_client */;
/*!50503 SET character_set_client = utf8mb4 */;
CREATE TABLE `password_reset_tokens` (
  `email` varchar(255) COLLATE utf8mb4_unicode_ci NOT NULL,
  `token` varchar(255) COLLATE utf8mb4_unicode_ci NOT NULL,
  `created_at` timestamp NULL DEFAULT NULL,
  PRIMARY KEY (`email`)
) ENGINE=InnoDB DEFAULT CHARSET=utf8mb4 COLLATE=utf8mb4_unicode_ci;
/*!40101 SET character_set_client = @saved_cs_client */;

--
-- Dumping data for table `password_reset_tokens`
--

LOCK TABLES `password_reset_tokens` WRITE;
/*!40000 ALTER TABLE `password_reset_tokens` DISABLE KEYS */;
/*!40000 ALTER TABLE `password_reset_tokens` ENABLE KEYS */;
UNLOCK TABLES;

--
-- Table structure for table `permissions`
--

DROP TABLE IF EXISTS `permissions`;
/*!40101 SET @saved_cs_client     = @@character_set_client */;
/*!50503 SET character_set_client = utf8mb4 */;
CREATE TABLE `permissions` (
  `id` bigint unsigned NOT NULL AUTO_INCREMENT,
  `name` varchar(255) COLLATE utf8mb4_unicode_ci NOT NULL,
  `guard_name` varchar(255) COLLATE utf8mb4_unicode_ci NOT NULL,
  `created_at` timestamp NULL DEFAULT NULL,
  `updated_at` timestamp NULL DEFAULT NULL,
  PRIMARY KEY (`id`),
  UNIQUE KEY `permissions_name_guard_name_unique` (`name`,`guard_name`)
) ENGINE=InnoDB DEFAULT CHARSET=utf8mb4 COLLATE=utf8mb4_unicode_ci;
/*!40101 SET character_set_client = @saved_cs_client */;

--
-- Dumping data for table `permissions`
--

LOCK TABLES `permissions` WRITE;
/*!40000 ALTER TABLE `permissions` DISABLE KEYS */;
/*!40000 ALTER TABLE `permissions` ENABLE KEYS */;
UNLOCK TABLES;

--
-- Table structure for table `personal_access_tokens`
--

DROP TABLE IF EXISTS `personal_access_tokens`;
/*!40101 SET @saved_cs_client     = @@character_set_client */;
/*!50503 SET character_set_client = utf8mb4 */;
CREATE TABLE `personal_access_tokens` (
  `id` bigint unsigned NOT NULL AUTO_INCREMENT,
  `tokenable_type` varchar(255) COLLATE utf8mb4_unicode_ci NOT NULL,
  `tokenable_id` bigint unsigned NOT NULL,
  `name` varchar(255) COLLATE utf8mb4_unicode_ci NOT NULL,
  `token` varchar(64) COLLATE utf8mb4_unicode_ci NOT NULL,
  `abilities` text COLLATE utf8mb4_unicode_ci,
  `last_used_at` timestamp NULL DEFAULT NULL,
  `expires_at` timestamp NULL DEFAULT NULL,
  `created_at` timestamp NULL DEFAULT NULL,
  `updated_at` timestamp NULL DEFAULT NULL,
  PRIMARY KEY (`id`),
  UNIQUE KEY `personal_access_tokens_token_unique` (`token`),
  KEY `personal_access_tokens_tokenable_type_tokenable_id_index` (`tokenable_type`,`tokenable_id`)
) ENGINE=InnoDB DEFAULT CHARSET=utf8mb4 COLLATE=utf8mb4_unicode_ci;
/*!40101 SET character_set_client = @saved_cs_client */;

--
-- Dumping data for table `personal_access_tokens`
--

LOCK TABLES `personal_access_tokens` WRITE;
/*!40000 ALTER TABLE `personal_access_tokens` DISABLE KEYS */;
/*!40000 ALTER TABLE `personal_access_tokens` ENABLE KEYS */;
UNLOCK TABLES;

--
-- Table structure for table `post`
--

DROP TABLE IF EXISTS `post`;
/*!40101 SET @saved_cs_client     = @@character_set_client */;
/*!50503 SET character_set_client = utf8mb4 */;
CREATE TABLE `post` (
  `id` bigint unsigned NOT NULL AUTO_INCREMENT,
  `created_at` timestamp NULL DEFAULT NULL,
  `updated_at` timestamp NULL DEFAULT NULL,
  `name` varchar(255) COLLATE utf8mb4_unicode_ci NOT NULL,
  `subname` varchar(255) COLLATE utf8mb4_unicode_ci NOT NULL,
  `desc` longtext COLLATE utf8mb4_unicode_ci NOT NULL,
  `client_id` bigint unsigned DEFAULT NULL,
  `user_id` bigint unsigned DEFAULT NULL,
  `post_category_id` bigint unsigned DEFAULT NULL,
  PRIMARY KEY (`id`),
  KEY `post_client_id_foreign` (`client_id`),
  KEY `post_user_id_foreign` (`user_id`),
  KEY `post_post_category_id_foreign` (`post_category_id`),
  CONSTRAINT `post_client_id_foreign` FOREIGN KEY (`client_id`) REFERENCES `clients` (`id`) ON DELETE CASCADE,
  CONSTRAINT `post_post_category_id_foreign` FOREIGN KEY (`post_category_id`) REFERENCES `post_categories` (`id`) ON DELETE CASCADE,
  CONSTRAINT `post_user_id_foreign` FOREIGN KEY (`user_id`) REFERENCES `users` (`id`) ON DELETE CASCADE
) ENGINE=InnoDB AUTO_INCREMENT=2 DEFAULT CHARSET=utf8mb4 COLLATE=utf8mb4_unicode_ci;
/*!40101 SET character_set_client = @saved_cs_client */;

--
-- Dumping data for table `post`
--

LOCK TABLES `post` WRITE;
/*!40000 ALTER TABLE `post` DISABLE KEYS */;
INSERT INTO `post` VALUES (1,'2024-09-24 19:08:02','2024-09-24 19:13:11','Building a Magical 3D Button','subname','Bet you can\'t click just once!',NULL,NULL,NULL);
/*!40000 ALTER TABLE `post` ENABLE KEYS */;
UNLOCK TABLES;

--
-- Table structure for table `post_categories`
--

DROP TABLE IF EXISTS `post_categories`;
/*!40101 SET @saved_cs_client     = @@character_set_client */;
/*!50503 SET character_set_client = utf8mb4 */;
CREATE TABLE `post_categories` (
  `id` bigint unsigned NOT NULL AUTO_INCREMENT,
  `created_at` timestamp NULL DEFAULT NULL,
  `updated_at` timestamp NULL DEFAULT NULL,
  `name` varchar(255) COLLATE utf8mb4_unicode_ci NOT NULL,
  `desc` varchar(255) COLLATE utf8mb4_unicode_ci NOT NULL,
  `img` varchar(255) COLLATE utf8mb4_unicode_ci NOT NULL,
  PRIMARY KEY (`id`)
) ENGINE=InnoDB AUTO_INCREMENT=2 DEFAULT CHARSET=utf8mb4 COLLATE=utf8mb4_unicode_ci;
/*!40101 SET character_set_client = @saved_cs_client */;

--
-- Dumping data for table `post_categories`
--

LOCK TABLES `post_categories` WRITE;
/*!40000 ALTER TABLE `post_categories` DISABLE KEYS */;
INSERT INTO `post_categories` VALUES (1,'2024-09-24 19:08:02','2024-09-24 19:08:02','cat1','desc','img');
/*!40000 ALTER TABLE `post_categories` ENABLE KEYS */;
UNLOCK TABLES;

--
-- Table structure for table `post_comments`
--

DROP TABLE IF EXISTS `post_comments`;
/*!40101 SET @saved_cs_client     = @@character_set_client */;
/*!50503 SET character_set_client = utf8mb4 */;
CREATE TABLE `post_comments` (
  `id` bigint unsigned NOT NULL AUTO_INCREMENT,
  `created_at` timestamp NULL DEFAULT NULL,
  `updated_at` timestamp NULL DEFAULT NULL,
  `name` varchar(255) COLLATE utf8mb4_unicode_ci NOT NULL,
  `desc` varchar(255) COLLATE utf8mb4_unicode_ci NOT NULL,
  `img` varchar(255) COLLATE utf8mb4_unicode_ci NOT NULL,
  `post_id` bigint unsigned DEFAULT NULL,
  `client_id` bigint unsigned DEFAULT NULL,
  `user_id` bigint unsigned DEFAULT NULL,
  PRIMARY KEY (`id`),
  KEY `post_comments_post_id_foreign` (`post_id`),
  KEY `post_comments_client_id_foreign` (`client_id`),
  KEY `post_comments_user_id_foreign` (`user_id`),
  CONSTRAINT `post_comments_client_id_foreign` FOREIGN KEY (`client_id`) REFERENCES `clients` (`id`) ON DELETE CASCADE,
  CONSTRAINT `post_comments_post_id_foreign` FOREIGN KEY (`post_id`) REFERENCES `posts` (`id`) ON DELETE CASCADE,
  CONSTRAINT `post_comments_user_id_foreign` FOREIGN KEY (`user_id`) REFERENCES `users` (`id`) ON DELETE CASCADE
) ENGINE=InnoDB DEFAULT CHARSET=utf8mb4 COLLATE=utf8mb4_unicode_ci;
/*!40101 SET character_set_client = @saved_cs_client */;

--
-- Dumping data for table `post_comments`
--

LOCK TABLES `post_comments` WRITE;
/*!40000 ALTER TABLE `post_comments` DISABLE KEYS */;
/*!40000 ALTER TABLE `post_comments` ENABLE KEYS */;
UNLOCK TABLES;

--
-- Table structure for table `post_component`
--

DROP TABLE IF EXISTS `post_component`;
/*!40101 SET @saved_cs_client     = @@character_set_client */;
/*!50503 SET character_set_client = utf8mb4 */;
CREATE TABLE `post_component` (
  `id` bigint unsigned NOT NULL AUTO_INCREMENT,
  `created_at` timestamp NULL DEFAULT NULL,
  `updated_at` timestamp NULL DEFAULT NULL,
  `component_id` bigint unsigned DEFAULT NULL,
  `post_id` bigint unsigned DEFAULT NULL,
  PRIMARY KEY (`id`),
  KEY `post_component_component_id_foreign` (`component_id`),
  KEY `post_component_post_id_foreign` (`post_id`),
  CONSTRAINT `post_component_component_id_foreign` FOREIGN KEY (`component_id`) REFERENCES `component` (`id`) ON DELETE CASCADE,
  CONSTRAINT `post_component_post_id_foreign` FOREIGN KEY (`post_id`) REFERENCES `post` (`id`) ON DELETE CASCADE
) ENGINE=InnoDB AUTO_INCREMENT=2 DEFAULT CHARSET=utf8mb4 COLLATE=utf8mb4_unicode_ci;
/*!40101 SET character_set_client = @saved_cs_client */;

--
-- Dumping data for table `post_component`
--

LOCK TABLES `post_component` WRITE;
/*!40000 ALTER TABLE `post_component` DISABLE KEYS */;
INSERT INTO `post_component` VALUES (1,NULL,NULL,2,1);
/*!40000 ALTER TABLE `post_component` ENABLE KEYS */;
UNLOCK TABLES;

--
-- Table structure for table `post_component_attribute`
--

DROP TABLE IF EXISTS `post_component_attribute`;
/*!40101 SET @saved_cs_client     = @@character_set_client */;
/*!50503 SET character_set_client = utf8mb4 */;
CREATE TABLE `post_component_attribute` (
  `id` bigint unsigned NOT NULL AUTO_INCREMENT,
  `created_at` timestamp NULL DEFAULT NULL,
  `updated_at` timestamp NULL DEFAULT NULL,
  `name` varchar(255) COLLATE utf8mb4_unicode_ci DEFAULT NULL,
  `value` longtext COLLATE utf8mb4_unicode_ci,
  `post_component_id` bigint unsigned DEFAULT NULL,
  PRIMARY KEY (`id`),
  KEY `post_component_attribute_post_component_id_foreign` (`post_component_id`),
  CONSTRAINT `post_component_attribute_post_component_id_foreign` FOREIGN KEY (`post_component_id`) REFERENCES `post_component` (`id`) ON DELETE CASCADE
) ENGINE=InnoDB DEFAULT CHARSET=utf8mb4 COLLATE=utf8mb4_unicode_ci;
/*!40101 SET character_set_client = @saved_cs_client */;

--
-- Dumping data for table `post_component_attribute`
--

LOCK TABLES `post_component_attribute` WRITE;
/*!40000 ALTER TABLE `post_component_attribute` DISABLE KEYS */;
/*!40000 ALTER TABLE `post_component_attribute` ENABLE KEYS */;
UNLOCK TABLES;

--
-- Table structure for table `post_content_attributes`
--

DROP TABLE IF EXISTS `post_content_attributes`;
/*!40101 SET @saved_cs_client     = @@character_set_client */;
/*!50503 SET character_set_client = utf8mb4 */;
CREATE TABLE `post_content_attributes` (
  `id` bigint unsigned NOT NULL AUTO_INCREMENT,
  `created_at` timestamp NULL DEFAULT NULL,
  `updated_at` timestamp NULL DEFAULT NULL,
  `name` varchar(255) COLLATE utf8mb4_unicode_ci DEFAULT NULL,
  `value` longtext COLLATE utf8mb4_unicode_ci,
  `post_content_id` bigint unsigned DEFAULT NULL,
  PRIMARY KEY (`id`),
  KEY `post_content_attributes_post_content_id_foreign` (`post_content_id`),
  CONSTRAINT `post_content_attributes_post_content_id_foreign` FOREIGN KEY (`post_content_id`) REFERENCES `post_contents` (`id`) ON DELETE CASCADE
) ENGINE=InnoDB DEFAULT CHARSET=utf8mb4 COLLATE=utf8mb4_unicode_ci;
/*!40101 SET character_set_client = @saved_cs_client */;

--
-- Dumping data for table `post_content_attributes`
--

LOCK TABLES `post_content_attributes` WRITE;
/*!40000 ALTER TABLE `post_content_attributes` DISABLE KEYS */;
/*!40000 ALTER TABLE `post_content_attributes` ENABLE KEYS */;
UNLOCK TABLES;

--
-- Table structure for table `post_content_attributes_custom`
--

DROP TABLE IF EXISTS `post_content_attributes_custom`;
/*!40101 SET @saved_cs_client     = @@character_set_client */;
/*!50503 SET character_set_client = utf8mb4 */;
CREATE TABLE `post_content_attributes_custom` (
  `id` bigint unsigned NOT NULL AUTO_INCREMENT,
  `created_at` timestamp NULL DEFAULT NULL,
  `updated_at` timestamp NULL DEFAULT NULL,
  `name` varchar(255) COLLATE utf8mb4_unicode_ci DEFAULT NULL,
  `value` longtext COLLATE utf8mb4_unicode_ci,
  `post_content_id` bigint unsigned DEFAULT NULL,
  `post_id` bigint unsigned DEFAULT NULL,
  PRIMARY KEY (`id`),
  KEY `post_content_attributes_custom_post_content_id_foreign` (`post_content_id`),
  KEY `post_content_attributes_custom_post_id_foreign` (`post_id`),
  CONSTRAINT `post_content_attributes_custom_post_content_id_foreign` FOREIGN KEY (`post_content_id`) REFERENCES `post_contents` (`id`) ON DELETE CASCADE,
  CONSTRAINT `post_content_attributes_custom_post_id_foreign` FOREIGN KEY (`post_id`) REFERENCES `posts` (`id`) ON DELETE CASCADE
) ENGINE=InnoDB DEFAULT CHARSET=utf8mb4 COLLATE=utf8mb4_unicode_ci;
/*!40101 SET character_set_client = @saved_cs_client */;

--
-- Dumping data for table `post_content_attributes_custom`
--

LOCK TABLES `post_content_attributes_custom` WRITE;
/*!40000 ALTER TABLE `post_content_attributes_custom` DISABLE KEYS */;
/*!40000 ALTER TABLE `post_content_attributes_custom` ENABLE KEYS */;
UNLOCK TABLES;

--
-- Table structure for table `post_content_type_attributes`
--

DROP TABLE IF EXISTS `post_content_type_attributes`;
/*!40101 SET @saved_cs_client     = @@character_set_client */;
/*!50503 SET character_set_client = utf8mb4 */;
CREATE TABLE `post_content_type_attributes` (
  `id` bigint unsigned NOT NULL AUTO_INCREMENT,
  `created_at` timestamp NULL DEFAULT NULL,
  `updated_at` timestamp NULL DEFAULT NULL,
  `name` text COLLATE utf8mb4_unicode_ci,
  `value` longtext COLLATE utf8mb4_unicode_ci NOT NULL,
  `post_content_type_id` bigint unsigned DEFAULT NULL,
  PRIMARY KEY (`id`),
  KEY `post_content_type_attributes_post_content_type_id_foreign` (`post_content_type_id`),
  CONSTRAINT `post_content_type_attributes_post_content_type_id_foreign` FOREIGN KEY (`post_content_type_id`) REFERENCES `post_content_types` (`id`) ON DELETE CASCADE
) ENGINE=InnoDB DEFAULT CHARSET=utf8mb4 COLLATE=utf8mb4_unicode_ci;
/*!40101 SET character_set_client = @saved_cs_client */;

--
-- Dumping data for table `post_content_type_attributes`
--

LOCK TABLES `post_content_type_attributes` WRITE;
/*!40000 ALTER TABLE `post_content_type_attributes` DISABLE KEYS */;
/*!40000 ALTER TABLE `post_content_type_attributes` ENABLE KEYS */;
UNLOCK TABLES;

--
-- Table structure for table `post_content_types`
--

DROP TABLE IF EXISTS `post_content_types`;
/*!40101 SET @saved_cs_client     = @@character_set_client */;
/*!50503 SET character_set_client = utf8mb4 */;
CREATE TABLE `post_content_types` (
  `id` bigint unsigned NOT NULL AUTO_INCREMENT,
  `created_at` timestamp NULL DEFAULT NULL,
  `updated_at` timestamp NULL DEFAULT NULL,
  `name` varchar(255) COLLATE utf8mb4_unicode_ci NOT NULL,
  `desc` varchar(255) COLLATE utf8mb4_unicode_ci NOT NULL,
  PRIMARY KEY (`id`)
) ENGINE=InnoDB DEFAULT CHARSET=utf8mb4 COLLATE=utf8mb4_unicode_ci;
/*!40101 SET character_set_client = @saved_cs_client */;

--
-- Dumping data for table `post_content_types`
--

LOCK TABLES `post_content_types` WRITE;
/*!40000 ALTER TABLE `post_content_types` DISABLE KEYS */;
/*!40000 ALTER TABLE `post_content_types` ENABLE KEYS */;
UNLOCK TABLES;

--
-- Table structure for table `post_contents`
--

DROP TABLE IF EXISTS `post_contents`;
/*!40101 SET @saved_cs_client     = @@character_set_client */;
/*!50503 SET character_set_client = utf8mb4 */;
CREATE TABLE `post_contents` (
  `id` bigint unsigned NOT NULL AUTO_INCREMENT,
  `created_at` timestamp NULL DEFAULT NULL,
  `updated_at` timestamp NULL DEFAULT NULL,
  `num` varchar(255) COLLATE utf8mb4_unicode_ci NOT NULL,
  `name` text COLLATE utf8mb4_unicode_ci NOT NULL,
  `desc` varchar(255) COLLATE utf8mb4_unicode_ci NOT NULL,
  `img` varchar(255) COLLATE utf8mb4_unicode_ci DEFAULT NULL,
  `img_url` varchar(255) COLLATE utf8mb4_unicode_ci DEFAULT NULL,
  `post_id` bigint unsigned DEFAULT NULL,
  `post_content_type_id` bigint unsigned DEFAULT NULL,
  `post_content_id` bigint unsigned DEFAULT NULL,
  `recycled_id` bigint unsigned DEFAULT NULL,
  `copied_id` bigint unsigned DEFAULT NULL,
  `global` tinyint(1) DEFAULT NULL,
  PRIMARY KEY (`id`),
  KEY `post_contents_post_id_foreign` (`post_id`),
  KEY `post_contents_post_content_type_id_foreign` (`post_content_type_id`),
  KEY `post_contents_post_content_id_foreign` (`post_content_id`),
  CONSTRAINT `post_contents_post_content_id_foreign` FOREIGN KEY (`post_content_id`) REFERENCES `post_contents` (`id`) ON DELETE CASCADE,
  CONSTRAINT `post_contents_post_content_type_id_foreign` FOREIGN KEY (`post_content_type_id`) REFERENCES `post_content_types` (`id`) ON DELETE CASCADE,
  CONSTRAINT `post_contents_post_id_foreign` FOREIGN KEY (`post_id`) REFERENCES `posts` (`id`) ON DELETE CASCADE
) ENGINE=InnoDB DEFAULT CHARSET=utf8mb4 COLLATE=utf8mb4_unicode_ci;
/*!40101 SET character_set_client = @saved_cs_client */;

--
-- Dumping data for table `post_contents`
--

LOCK TABLES `post_contents` WRITE;
/*!40000 ALTER TABLE `post_contents` DISABLE KEYS */;
/*!40000 ALTER TABLE `post_contents` ENABLE KEYS */;
UNLOCK TABLES;

--
-- Table structure for table `post_subcontents`
--

DROP TABLE IF EXISTS `post_subcontents`;
/*!40101 SET @saved_cs_client     = @@character_set_client */;
/*!50503 SET character_set_client = utf8mb4 */;
CREATE TABLE `post_subcontents` (
  `id` bigint unsigned NOT NULL AUTO_INCREMENT,
  `created_at` timestamp NULL DEFAULT NULL,
  `updated_at` timestamp NULL DEFAULT NULL,
  `content_child_id` bigint unsigned DEFAULT NULL,
  `content_parent_id` bigint unsigned DEFAULT NULL,
  PRIMARY KEY (`id`),
  KEY `post_subcontents_content_child_id_foreign` (`content_child_id`),
  KEY `post_subcontents_content_parent_id_foreign` (`content_parent_id`),
  CONSTRAINT `post_subcontents_content_child_id_foreign` FOREIGN KEY (`content_child_id`) REFERENCES `post_contents` (`id`) ON DELETE CASCADE,
  CONSTRAINT `post_subcontents_content_parent_id_foreign` FOREIGN KEY (`content_parent_id`) REFERENCES `post_contents` (`id`) ON DELETE CASCADE
) ENGINE=InnoDB DEFAULT CHARSET=utf8mb4 COLLATE=utf8mb4_unicode_ci;
/*!40101 SET character_set_client = @saved_cs_client */;

--
-- Dumping data for table `post_subcontents`
--

LOCK TABLES `post_subcontents` WRITE;
/*!40000 ALTER TABLE `post_subcontents` DISABLE KEYS */;
/*!40000 ALTER TABLE `post_subcontents` ENABLE KEYS */;
UNLOCK TABLES;

--
-- Table structure for table `post_tags`
--

DROP TABLE IF EXISTS `post_tags`;
/*!40101 SET @saved_cs_client     = @@character_set_client */;
/*!50503 SET character_set_client = utf8mb4 */;
CREATE TABLE `post_tags` (
  `id` bigint unsigned NOT NULL AUTO_INCREMENT,
  `created_at` timestamp NULL DEFAULT NULL,
  `updated_at` timestamp NULL DEFAULT NULL,
  `name` varchar(255) COLLATE utf8mb4_unicode_ci NOT NULL,
  `desc` varchar(255) COLLATE utf8mb4_unicode_ci NOT NULL,
  `img` varchar(255) COLLATE utf8mb4_unicode_ci NOT NULL,
  PRIMARY KEY (`id`)
) ENGINE=InnoDB DEFAULT CHARSET=utf8mb4 COLLATE=utf8mb4_unicode_ci;
/*!40101 SET character_set_client = @saved_cs_client */;

--
-- Dumping data for table `post_tags`
--

LOCK TABLES `post_tags` WRITE;
/*!40000 ALTER TABLE `post_tags` DISABLE KEYS */;
/*!40000 ALTER TABLE `post_tags` ENABLE KEYS */;
UNLOCK TABLES;

--
-- Table structure for table `posts`
--

DROP TABLE IF EXISTS `posts`;
/*!40101 SET @saved_cs_client     = @@character_set_client */;
/*!50503 SET character_set_client = utf8mb4 */;
CREATE TABLE `posts` (
  `id` bigint unsigned NOT NULL AUTO_INCREMENT,
  `created_at` timestamp NULL DEFAULT NULL,
  `updated_at` timestamp NULL DEFAULT NULL,
  `name` varchar(255) COLLATE utf8mb4_unicode_ci NOT NULL,
  `subname` varchar(255) COLLATE utf8mb4_unicode_ci NOT NULL,
  `desc` longtext COLLATE utf8mb4_unicode_ci NOT NULL,
  `client_id` bigint unsigned DEFAULT NULL,
  `user_id` bigint unsigned DEFAULT NULL,
  `post_category_id` bigint unsigned DEFAULT NULL,
  PRIMARY KEY (`id`),
  KEY `posts_client_id_foreign` (`client_id`),
  KEY `posts_user_id_foreign` (`user_id`),
  KEY `posts_post_category_id_foreign` (`post_category_id`),
  CONSTRAINT `posts_client_id_foreign` FOREIGN KEY (`client_id`) REFERENCES `clients` (`id`) ON DELETE CASCADE,
  CONSTRAINT `posts_post_category_id_foreign` FOREIGN KEY (`post_category_id`) REFERENCES `post_categories` (`id`) ON DELETE CASCADE,
  CONSTRAINT `posts_user_id_foreign` FOREIGN KEY (`user_id`) REFERENCES `users` (`id`) ON DELETE CASCADE
) ENGINE=InnoDB DEFAULT CHARSET=utf8mb4 COLLATE=utf8mb4_unicode_ci;
/*!40101 SET character_set_client = @saved_cs_client */;

--
-- Dumping data for table `posts`
--

LOCK TABLES `posts` WRITE;
/*!40000 ALTER TABLE `posts` DISABLE KEYS */;
/*!40000 ALTER TABLE `posts` ENABLE KEYS */;
UNLOCK TABLES;

--
-- Table structure for table `posts_tags`
--

DROP TABLE IF EXISTS `posts_tags`;
/*!40101 SET @saved_cs_client     = @@character_set_client */;
/*!50503 SET character_set_client = utf8mb4 */;
CREATE TABLE `posts_tags` (
  `id` bigint unsigned NOT NULL AUTO_INCREMENT,
  `post_id` bigint unsigned DEFAULT NULL,
  `post_tag_id` bigint unsigned DEFAULT NULL,
  PRIMARY KEY (`id`),
  KEY `posts_tags_post_id_foreign` (`post_id`),
  KEY `posts_tags_post_tag_id_foreign` (`post_tag_id`),
  CONSTRAINT `posts_tags_post_id_foreign` FOREIGN KEY (`post_id`) REFERENCES `posts` (`id`) ON DELETE CASCADE,
  CONSTRAINT `posts_tags_post_tag_id_foreign` FOREIGN KEY (`post_tag_id`) REFERENCES `post_tags` (`id`) ON DELETE CASCADE
) ENGINE=InnoDB DEFAULT CHARSET=utf8mb4 COLLATE=utf8mb4_unicode_ci;
/*!40101 SET character_set_client = @saved_cs_client */;

--
-- Dumping data for table `posts_tags`
--

LOCK TABLES `posts_tags` WRITE;
/*!40000 ALTER TABLE `posts_tags` DISABLE KEYS */;
/*!40000 ALTER TABLE `posts_tags` ENABLE KEYS */;
UNLOCK TABLES;

--
-- Table structure for table `relation_subcomponent`
--

DROP TABLE IF EXISTS `relation_subcomponent`;
/*!40101 SET @saved_cs_client     = @@character_set_client */;
/*!50503 SET character_set_client = utf8mb4 */;
CREATE TABLE `relation_subcomponent` (
  `id` bigint unsigned NOT NULL AUTO_INCREMENT,
  `subcomponent_related_id` bigint unsigned NOT NULL,
  `subcomponent_id` bigint unsigned NOT NULL,
  `created_at` timestamp NULL DEFAULT NULL,
  `updated_at` timestamp NULL DEFAULT NULL,
  PRIMARY KEY (`id`),
  KEY `relation_subcomponent_subcomponent_related_id_foreign` (`subcomponent_related_id`),
  KEY `relation_subcomponent_subcomponent_id_foreign` (`subcomponent_id`),
  CONSTRAINT `relation_subcomponent_subcomponent_id_foreign` FOREIGN KEY (`subcomponent_id`) REFERENCES `subcomponent` (`id`) ON DELETE CASCADE,
  CONSTRAINT `relation_subcomponent_subcomponent_related_id_foreign` FOREIGN KEY (`subcomponent_related_id`) REFERENCES `subcomponent` (`id`) ON DELETE CASCADE
) ENGINE=InnoDB AUTO_INCREMENT=8 DEFAULT CHARSET=utf8mb4 COLLATE=utf8mb4_unicode_ci;
/*!40101 SET character_set_client = @saved_cs_client */;

--
-- Dumping data for table `relation_subcomponent`
--

LOCK TABLES `relation_subcomponent` WRITE;
/*!40000 ALTER TABLE `relation_subcomponent` DISABLE KEYS */;
INSERT INTO `relation_subcomponent` VALUES (2,8,7,NULL,NULL),(3,10,9,NULL,NULL),(4,11,10,NULL,NULL),(5,12,9,NULL,NULL),(6,13,12,NULL,NULL),(7,15,14,NULL,NULL);
/*!40000 ALTER TABLE `relation_subcomponent` ENABLE KEYS */;
UNLOCK TABLES;

--
-- Table structure for table `role_has_permissions`
--

DROP TABLE IF EXISTS `role_has_permissions`;
/*!40101 SET @saved_cs_client     = @@character_set_client */;
/*!50503 SET character_set_client = utf8mb4 */;
CREATE TABLE `role_has_permissions` (
  `permission_id` bigint unsigned NOT NULL,
  `role_id` bigint unsigned NOT NULL,
  PRIMARY KEY (`permission_id`,`role_id`),
  KEY `role_has_permissions_role_id_foreign` (`role_id`),
  CONSTRAINT `role_has_permissions_permission_id_foreign` FOREIGN KEY (`permission_id`) REFERENCES `permissions` (`id`) ON DELETE CASCADE,
  CONSTRAINT `role_has_permissions_role_id_foreign` FOREIGN KEY (`role_id`) REFERENCES `roles` (`id`) ON DELETE CASCADE
) ENGINE=InnoDB DEFAULT CHARSET=utf8mb4 COLLATE=utf8mb4_unicode_ci;
/*!40101 SET character_set_client = @saved_cs_client */;

--
-- Dumping data for table `role_has_permissions`
--

LOCK TABLES `role_has_permissions` WRITE;
/*!40000 ALTER TABLE `role_has_permissions` DISABLE KEYS */;
/*!40000 ALTER TABLE `role_has_permissions` ENABLE KEYS */;
UNLOCK TABLES;

--
-- Table structure for table `roles`
--

DROP TABLE IF EXISTS `roles`;
/*!40101 SET @saved_cs_client     = @@character_set_client */;
/*!50503 SET character_set_client = utf8mb4 */;
CREATE TABLE `roles` (
  `id` bigint unsigned NOT NULL AUTO_INCREMENT,
  `name` varchar(255) COLLATE utf8mb4_unicode_ci NOT NULL,
  `guard_name` varchar(255) COLLATE utf8mb4_unicode_ci NOT NULL,
  `created_at` timestamp NULL DEFAULT NULL,
  `updated_at` timestamp NULL DEFAULT NULL,
  PRIMARY KEY (`id`),
  UNIQUE KEY `roles_name_guard_name_unique` (`name`,`guard_name`)
) ENGINE=InnoDB AUTO_INCREMENT=4 DEFAULT CHARSET=utf8mb4 COLLATE=utf8mb4_unicode_ci;
/*!40101 SET character_set_client = @saved_cs_client */;

--
-- Dumping data for table `roles`
--

LOCK TABLES `roles` WRITE;
/*!40000 ALTER TABLE `roles` DISABLE KEYS */;
INSERT INTO `roles` VALUES (1,'superadmin','api','2024-09-24 19:08:02','2024-09-24 19:08:02'),(2,'admin','api','2024-09-24 19:08:02','2024-09-24 19:08:02'),(3,'user','api','2024-09-24 19:08:02','2024-09-24 19:08:02');
/*!40000 ALTER TABLE `roles` ENABLE KEYS */;
UNLOCK TABLES;

--
-- Table structure for table `subcomponent`
--

DROP TABLE IF EXISTS `subcomponent`;
/*!40101 SET @saved_cs_client     = @@character_set_client */;
/*!50503 SET character_set_client = utf8mb4 */;
CREATE TABLE `subcomponent` (
  `id` bigint unsigned NOT NULL AUTO_INCREMENT,
  `created_at` timestamp NULL DEFAULT NULL,
  `updated_at` timestamp NULL DEFAULT NULL,
  `component_child_id` bigint unsigned DEFAULT NULL,
  `component_parent_id` bigint unsigned DEFAULT NULL,
  `subcomponent_id` bigint unsigned DEFAULT NULL,
  `order` int DEFAULT NULL,
  PRIMARY KEY (`id`),
  KEY `subcomponent_component_child_id_foreign` (`component_child_id`),
  KEY `subcomponent_component_parent_id_foreign` (`component_parent_id`),
  CONSTRAINT `subcomponent_component_child_id_foreign` FOREIGN KEY (`component_child_id`) REFERENCES `component` (`id`) ON DELETE CASCADE,
  CONSTRAINT `subcomponent_component_parent_id_foreign` FOREIGN KEY (`component_parent_id`) REFERENCES `component` (`id`) ON DELETE CASCADE
) ENGINE=InnoDB AUTO_INCREMENT=16 DEFAULT CHARSET=utf8mb4 COLLATE=utf8mb4_unicode_ci;
/*!40101 SET character_set_client = @saved_cs_client */;

--
-- Dumping data for table `subcomponent`
--

LOCK TABLES `subcomponent` WRITE;
/*!40000 ALTER TABLE `subcomponent` DISABLE KEYS */;
INSERT INTO `subcomponent` VALUES (4,'2024-09-24 19:08:02','2024-09-24 19:08:02',4,3,NULL,NULL),(7,'2024-09-24 19:15:21','2024-09-24 19:15:21',3,2,NULL,2),(8,'2024-09-24 19:15:21','2024-09-24 19:15:21',4,NULL,7,NULL),(9,'2024-09-24 19:15:35','2024-09-24 19:15:35',2,2,NULL,3),(10,'2024-09-24 19:15:35','2024-09-24 19:15:35',3,NULL,9,NULL),(11,'2024-09-24 19:15:35','2024-09-24 19:15:35',4,NULL,10,NULL),(12,'2024-09-24 19:15:35','2024-09-24 19:15:35',3,NULL,9,NULL),(13,'2024-09-24 19:15:35','2024-09-24 19:15:35',4,NULL,12,NULL),(14,'2024-09-24 19:16:09','2024-09-24 19:16:09',3,2,NULL,2),(15,'2024-09-24 19:16:09','2024-09-24 19:16:09',4,NULL,14,NULL);
/*!40000 ALTER TABLE `subcomponent` ENABLE KEYS */;
UNLOCK TABLES;

--
-- Table structure for table `subcomponent_attribute`
--

DROP TABLE IF EXISTS `subcomponent_attribute`;
/*!40101 SET @saved_cs_client     = @@character_set_client */;
/*!50503 SET character_set_client = utf8mb4 */;
CREATE TABLE `subcomponent_attribute` (
  `id` bigint unsigned NOT NULL AUTO_INCREMENT,
  `created_at` timestamp NULL DEFAULT NULL,
  `updated_at` timestamp NULL DEFAULT NULL,
  `name` varchar(255) COLLATE utf8mb4_unicode_ci DEFAULT NULL,
  `value` longtext COLLATE utf8mb4_unicode_ci,
  `subcomponent_id` bigint unsigned DEFAULT NULL,
  PRIMARY KEY (`id`),
  KEY `subcomponent_attribute_subcomponent_id_foreign` (`subcomponent_id`),
  CONSTRAINT `subcomponent_attribute_subcomponent_id_foreign` FOREIGN KEY (`subcomponent_id`) REFERENCES `subcomponent` (`id`) ON DELETE CASCADE
) ENGINE=InnoDB AUTO_INCREMENT=5 DEFAULT CHARSET=utf8mb4 COLLATE=utf8mb4_unicode_ci;
/*!40101 SET character_set_client = @saved_cs_client */;

--
-- Dumping data for table `subcomponent_attribute`
--

LOCK TABLES `subcomponent_attribute` WRITE;
/*!40000 ALTER TABLE `subcomponent_attribute` DISABLE KEYS */;
INSERT INTO `subcomponent_attribute` VALUES (4,'2024-09-24 19:20:14','2024-09-24 19:20:14','text_label','sdsdsd',8);
/*!40000 ALTER TABLE `subcomponent_attribute` ENABLE KEYS */;
UNLOCK TABLES;

--
-- Table structure for table `users`
--

DROP TABLE IF EXISTS `users`;
/*!40101 SET @saved_cs_client     = @@character_set_client */;
/*!50503 SET character_set_client = utf8mb4 */;
CREATE TABLE `users` (
  `id` bigint unsigned NOT NULL AUTO_INCREMENT,
  `name` varchar(255) COLLATE utf8mb4_unicode_ci NOT NULL,
  `email` varchar(255) COLLATE utf8mb4_unicode_ci NOT NULL,
  `email_verified_at` timestamp NULL DEFAULT NULL,
  `password` varchar(255) COLLATE utf8mb4_unicode_ci NOT NULL,
  `phone` varchar(255) COLLATE utf8mb4_unicode_ci NOT NULL,
  `address` varchar(255) COLLATE utf8mb4_unicode_ci NOT NULL,
  `firstName` varchar(255) COLLATE utf8mb4_unicode_ci NOT NULL,
  `lastName` varchar(255) COLLATE utf8mb4_unicode_ci NOT NULL,
  `remember_token` varchar(100) COLLATE utf8mb4_unicode_ci DEFAULT NULL,
  `created_at` timestamp NULL DEFAULT NULL,
  `updated_at` timestamp NULL DEFAULT NULL,
  PRIMARY KEY (`id`),
  UNIQUE KEY `users_email_unique` (`email`)
) ENGINE=InnoDB AUTO_INCREMENT=2 DEFAULT CHARSET=utf8mb4 COLLATE=utf8mb4_unicode_ci;
/*!40101 SET character_set_client = @saved_cs_client */;

--
-- Dumping data for table `users`
--

LOCK TABLES `users` WRITE;
/*!40000 ALTER TABLE `users` DISABLE KEYS */;
INSERT INTO `users` VALUES (1,'superadmin','superadmin@gmail.com',NULL,'$2y$10$8kh.j3YgnIMko7KrsU6TrOCwVY2Ct6iWZF87xpZ0S977OvfUehfOC','977502170','Calle','super','admin',NULL,'2024-09-24 19:08:02','2024-09-24 19:08:02');
/*!40000 ALTER TABLE `users` ENABLE KEYS */;
UNLOCK TABLES;
/*!40103 SET TIME_ZONE=@OLD_TIME_ZONE */;

/*!40101 SET SQL_MODE=@OLD_SQL_MODE */;
/*!40014 SET FOREIGN_KEY_CHECKS=@OLD_FOREIGN_KEY_CHECKS */;
/*!40014 SET UNIQUE_CHECKS=@OLD_UNIQUE_CHECKS */;
/*!40101 SET CHARACTER_SET_CLIENT=@OLD_CHARACTER_SET_CLIENT */;
/*!40101 SET CHARACTER_SET_RESULTS=@OLD_CHARACTER_SET_RESULTS */;
/*!40101 SET COLLATION_CONNECTION=@OLD_COLLATION_CONNECTION */;
/*!40111 SET SQL_NOTES=@OLD_SQL_NOTES */;

-- Dump completed on 2024-09-24 19:20:50
