-- MySQL dump 10.13  Distrib 8.0.39, for Linux (x86_64)
--
-- Host: mysql    Database: laravel
-- ------------------------------------------------------
-- Server version	8.0.32

/*!40101 SET @OLD_CHARACTER_SET_CLIENT=@@CHARACTER_SET_CLIENT */;
/*!40101 SET @OLD_CHARACTER_SET_RESULTS=@@CHARACTER_SET_RESULTS */;
/*!40101 SET @OLD_COLLATION_CONNECTION=@@COLLATION_CONNECTION */;
/*!50503 SET NAMES utf8mb4 */;
/*!40103 SET @OLD_TIME_ZONE=@@TIME_ZONE */;
/*!40103 SET TIME_ZONE='+00:00' */;
/*!40014 SET @OLD_UNIQUE_CHECKS=@@UNIQUE_CHECKS, UNIQUE_CHECKS=0 */;
/*!40014 SET @OLD_FOREIGN_KEY_CHECKS=@@FOREIGN_KEY_CHECKS, FOREIGN_KEY_CHECKS=0 */;
/*!40101 SET @OLD_SQL_MODE=@@SQL_MODE, SQL_MODE='NO_AUTO_VALUE_ON_ZERO' */;
/*!40111 SET @OLD_SQL_NOTES=@@SQL_NOTES, SQL_NOTES=0 */;

--
-- Table structure for table `clients`
--

DROP TABLE IF EXISTS `clients`;
/*!40101 SET @saved_cs_client     = @@character_set_client */;
/*!50503 SET character_set_client = utf8mb4 */;
CREATE TABLE `clients` (
  `id` bigint unsigned NOT NULL AUTO_INCREMENT,
  `nick` varchar(255) CHARACTER SET utf8mb4 COLLATE utf8mb4_unicode_ci NOT NULL,
  `email` varchar(255) CHARACTER SET utf8mb4 COLLATE utf8mb4_unicode_ci NOT NULL,
  `email_verified_at` timestamp NULL DEFAULT NULL,
  `password` varchar(255) CHARACTER SET utf8mb4 COLLATE utf8mb4_unicode_ci NOT NULL,
  `img` varchar(255) CHARACTER SET utf8mb4 COLLATE utf8mb4_unicode_ci NOT NULL,
  `remember_token` varchar(100) CHARACTER SET utf8mb4 COLLATE utf8mb4_unicode_ci DEFAULT NULL,
  `created_at` timestamp NULL DEFAULT NULL,
  `updated_at` timestamp NULL DEFAULT NULL,
  PRIMARY KEY (`id`),
  UNIQUE KEY `clients_email_unique` (`email`)
) ENGINE=InnoDB DEFAULT CHARSET=utf8mb4 COLLATE=utf8mb4_unicode_ci;
/*!40101 SET character_set_client = @saved_cs_client */;

--
-- Dumping data for table `clients`
--

LOCK TABLES `clients` WRITE;
/*!40000 ALTER TABLE `clients` DISABLE KEYS */;
/*!40000 ALTER TABLE `clients` ENABLE KEYS */;
UNLOCK TABLES;

--
-- Table structure for table `component`
--

DROP TABLE IF EXISTS `component`;
/*!40101 SET @saved_cs_client     = @@character_set_client */;
/*!50503 SET character_set_client = utf8mb4 */;
CREATE TABLE `component` (
  `id` bigint unsigned NOT NULL AUTO_INCREMENT,
  `created_at` timestamp NULL DEFAULT NULL,
  `updated_at` timestamp NULL DEFAULT NULL,
  `name` text CHARACTER SET utf8mb4 COLLATE utf8mb4_unicode_ci NOT NULL,
  `desc` varchar(255) CHARACTER SET utf8mb4 COLLATE utf8mb4_unicode_ci NOT NULL,
  `component_type_id` bigint unsigned DEFAULT NULL,
  PRIMARY KEY (`id`),
  KEY `component_component_type_id_foreign` (`component_type_id`),
  CONSTRAINT `component_component_type_id_foreign` FOREIGN KEY (`component_type_id`) REFERENCES `component_type` (`id`) ON DELETE CASCADE
) ENGINE=InnoDB AUTO_INCREMENT=36 DEFAULT CHARSET=utf8mb4 COLLATE=utf8mb4_unicode_ci;
/*!40101 SET character_set_client = @saved_cs_client */;

--
-- Dumping data for table `component`
--

LOCK TABLES `component` WRITE;
/*!40000 ALTER TABLE `component` DISABLE KEYS */;
INSERT INTO `component` VALUES (2,'2024-09-24 15:16:48','2024-09-26 23:01:29','grid layout','grid layout',2),(3,'2024-09-24 15:16:48','2024-09-24 15:16:48','card 1','card component',3),(4,'2024-09-24 15:16:48','2024-09-24 15:16:48','title h1','title component',4),(5,'2024-09-24 15:16:48','2024-09-24 15:16:48','text p','text component',4),(6,'2024-09-24 15:16:48','2024-09-24 15:16:48','img component','img',5),(8,'2024-09-24 19:33:48','2024-09-27 00:21:26','button3d','button',7),(9,'2024-09-25 18:16:53','2024-09-25 18:16:53','image3d','image3d',8),(10,'2024-09-25 18:23:36','2024-09-25 18:23:37','codeplayground_v2','codeplayground_v2',9),(23,'2024-09-27 00:22:53','2024-09-27 00:22:53','button','button desc',15),(25,'2024-11-04 19:16:57','2024-11-05 18:07:37','Page 2','Page',1),(26,'2024-11-05 18:07:55','2024-11-05 18:10:54','Page 3','Page',1),(27,'2024-11-05 20:23:21','2024-11-05 20:23:21','Page 3','Page',1),(28,'2024-11-06 00:29:34','2024-11-06 00:38:23','grid layout (title,text, img)','grid layout',2),(30,'2024-11-07 19:26:51','2024-11-07 19:26:51','icon','icon',16),(31,'2024-11-07 21:47:31','2024-11-07 21:47:31','card 1','card component',3),(32,'2024-11-07 23:42:02','2024-11-07 23:42:02','table_contents','table_contents',17),(33,'2024-11-08 00:19:46','2024-11-08 00:19:46','Page 3','Page',1);
/*!40000 ALTER TABLE `component` ENABLE KEYS */;
UNLOCK TABLES;

--
-- Table structure for table `component_attribute`
--

DROP TABLE IF EXISTS `component_attribute`;
/*!40101 SET @saved_cs_client     = @@character_set_client */;
/*!50503 SET character_set_client = utf8mb4 */;
CREATE TABLE `component_attribute` (
  `id` bigint unsigned NOT NULL AUTO_INCREMENT,
  `created_at` timestamp NULL DEFAULT NULL,
  `updated_at` timestamp NULL DEFAULT NULL,
  `name` varchar(255) CHARACTER SET utf8mb4 COLLATE utf8mb4_unicode_ci DEFAULT NULL,
  `value` longtext CHARACTER SET utf8mb4 COLLATE utf8mb4_unicode_ci,
  `component_id` bigint unsigned DEFAULT NULL,
  PRIMARY KEY (`id`),
  KEY `component_attribute_component_id_foreign` (`component_id`),
  CONSTRAINT `component_attribute_component_id_foreign` FOREIGN KEY (`component_id`) REFERENCES `component` (`id`) ON DELETE CASCADE
) ENGINE=InnoDB AUTO_INCREMENT=77 DEFAULT CHARSET=utf8mb4 COLLATE=utf8mb4_unicode_ci;
/*!40101 SET character_set_client = @saved_cs_client */;

--
-- Dumping data for table `component_attribute`
--

LOCK TABLES `component_attribute` WRITE;
/*!40000 ALTER TABLE `component_attribute` DISABLE KEYS */;
INSERT INTO `component_attribute` VALUES (2,'2024-09-24 15:16:48','2024-11-08 00:29:42','styles','flex flex-col w-full min-h-10  p-4',2),(3,'2024-09-24 15:16:48','2024-11-08 02:41:42','styles','w-full p-4 rounded-md bg-bgSeco border-l-4 border-blue-300 p-0 gap-4 flex flex-col',3),(4,'2024-09-24 15:16:48','2024-10-16 23:49:23','styles','font-semibold text-3xl md:text-4xl xl:text-5xl  text-textPrimary',4),(5,'2024-09-24 15:16:48','2024-09-24 15:16:48','text_label','title',4),(6,'2024-09-24 15:16:48','2024-11-07 17:34:43','styles','text-textPrimary whitespace-pre-line',5),(7,'2024-09-24 15:16:48','2024-09-24 15:16:48','text_label','text',5),(8,'2024-09-24 15:16:48','2024-09-26 19:03:52','styles','null',6),(9,'2024-09-24 15:16:48','2024-09-24 15:16:48','url','day92-freelancing.svg',6),(19,'2024-09-24 19:33:48','2024-11-06 23:23:20','styles','',8),(20,'2024-09-24 19:33:48','2024-11-06 23:14:57','styles_button','btn_secondary',8),(21,'2024-09-24 19:33:48','2024-11-06 22:30:43','label','Button',8),(22,'2024-09-24 19:33:48','2024-11-06 23:20:39','url','',8),(23,'2024-09-25 18:16:53','2024-09-25 18:16:53','styles','p-4 relative m-0  rounded-none bg-transparent  shadow-none ',9),(24,'2024-09-25 18:16:53','2024-09-25 18:16:53','img_url','p-4 relative m-0  rounded-none bg-transparent  shadow-none ',9),(25,'2024-09-25 18:16:53','2024-09-25 18:16:53','img_bg_url','p-4 relative m-0  rounded-none bg-transparent  shadow-none ',9),(26,'2024-09-25 18:23:37','2024-11-06 17:27:46','styles','w-full',10),(27,'2024-09-25 18:23:37','2024-11-08 03:49:50','html','',10),(28,'2024-09-25 18:23:37','2024-11-08 03:49:50','css','',10),(29,'2024-09-25 18:23:37','2024-11-08 03:49:50','js','',10),(30,'2024-09-25 18:23:37','2024-11-07 03:58:52','height','h-[400px]',10),(31,'2024-09-25 18:23:37','2024-11-06 16:36:49','bg_color_1','bg-[#151528]',10),(32,'2024-09-25 18:23:37','2024-11-06 16:37:14','bg_color_2','bg-[#2A2A50]',10),(33,'2024-09-25 18:23:37','2024-11-06 16:37:33','text_color_1','text-[#d8d6ff]',10),(34,'2024-09-25 18:23:37','2024-11-06 16:37:56','text_color_2','text-[#7e73a2]',10),(35,'2024-09-25 18:23:37','2024-11-06 16:47:15','rounded','lg',10),(46,'2024-09-27 00:22:53','2024-11-06 22:45:07','styles','flex bg-primary px-4 py-2 rounded w-32 justify-center  items-center text-white',23),(48,'2024-11-04 19:16:57','2024-11-05 15:06:05','styles','flex flex-col w-full  pt-16 justify-center items-center bg-bgSeco',25),(49,'2024-11-05 18:07:55','2024-11-05 18:07:55','styles','flex flex-col w-full  pt-16 justify-center items-center bg-bgSeco',26),(50,'2024-11-05 20:23:21','2024-11-08 00:09:16','styles','w-full   pt-16 justify-center items-start bg-bgSeco\r\n\r\ngrid grid-cols-1 md:grid-cols-6',27),(51,'2024-11-06 00:29:34','2024-11-08 03:14:29','styles','flex flex-col w-full gap-4 py-10',28),(55,'2024-11-06 22:27:59','2024-11-06 22:29:59','label','Button',23),(56,'2024-11-06 22:53:10','2024-11-06 22:53:10','height','30px',8),(57,'2024-11-06 22:53:10','2024-11-06 22:53:10','width','100px',8),(58,'2024-11-06 22:53:10','2024-11-06 23:09:24','raise','10',8),(59,'2024-11-06 22:53:10','2024-11-06 23:10:03','rounded','10px',8),(60,'2024-11-06 22:53:10','2024-11-06 22:53:10','border','10px',8),(61,'2024-11-06 22:53:10','2024-11-06 23:41:59','border_style','solid #FF4769 4px',8),(62,'2024-11-06 22:53:10','2024-11-06 22:53:10','bg_front_color','#FF1F48',8),(63,'2024-11-06 22:53:10','2024-11-07 02:33:57','bg_shadow_color','rgba(217, 217, 217, 0.35);',8),(64,'2024-11-06 22:53:10','2024-11-06 22:53:10','bg_back_color','#E00029',8),(65,'2024-11-06 22:53:10','2024-11-06 22:53:10','font_color','#fff',8),(66,'2024-11-06 22:53:10','2024-11-06 22:53:10','font_body_weight','400',8),(67,'2024-11-06 22:53:10','2024-11-07 00:21:53','font_size','16px',8),(68,'2024-11-06 22:53:10','2024-11-07 02:48:54','ripple','false',8),(69,'2024-11-07 19:26:51','2024-11-07 19:26:51','styles','fa fa-book',30),(70,'2024-11-07 21:47:31','2024-11-08 03:40:50','styles','w-full p-4 rounded-md bg-bgSeco border-l-4 border-b-4 border-blue-300 p-0 gap-4 flex flex-col relative relative m-4',31),(71,'2024-11-07 23:42:02','2024-11-08 00:13:13','styles','flex flex-col col-span-2 flex-wrap md:sticky md:top-[62px]',32),(72,'2024-11-08 00:19:46','2024-11-08 00:37:25','styles','w-full flex flex-col pt-16 justify-center items-center bg-bgSeco',33),(73,'2024-11-08 00:52:14','2024-11-08 01:28:30','list','title,test 2,item3',32),(74,'2024-11-08 02:06:03','2024-11-08 02:06:03','anchor','title',5),(75,'2024-11-08 02:21:48','2024-11-08 02:21:48','anchor','title',4),(76,'2024-11-08 20:54:37','2024-11-08 20:54:37','show_iframe','true',10);
/*!40000 ALTER TABLE `component_attribute` ENABLE KEYS */;
UNLOCK TABLES;

--
-- Table structure for table `component_type`
--

DROP TABLE IF EXISTS `component_type`;
/*!40101 SET @saved_cs_client     = @@character_set_client */;
/*!50503 SET character_set_client = utf8mb4 */;
CREATE TABLE `component_type` (
  `id` bigint unsigned NOT NULL AUTO_INCREMENT,
  `created_at` timestamp NULL DEFAULT NULL,
  `updated_at` timestamp NULL DEFAULT NULL,
  `name` varchar(255) CHARACTER SET utf8mb4 COLLATE utf8mb4_unicode_ci NOT NULL,
  `desc` varchar(255) CHARACTER SET utf8mb4 COLLATE utf8mb4_unicode_ci NOT NULL,
  PRIMARY KEY (`id`)
) ENGINE=InnoDB AUTO_INCREMENT=18 DEFAULT CHARSET=utf8mb4 COLLATE=utf8mb4_unicode_ci;
/*!40101 SET character_set_client = @saved_cs_client */;

--
-- Dumping data for table `component_type`
--

LOCK TABLES `component_type` WRITE;
/*!40000 ALTER TABLE `component_type` DISABLE KEYS */;
INSERT INTO `component_type` VALUES (1,'2024-09-24 15:16:48','2024-09-24 15:16:48','page','type page'),(2,'2024-09-24 15:16:48','2024-09-24 15:16:48','grid','type grid'),(3,'2024-09-24 15:16:48','2024-09-24 15:16:48','card','desc'),(4,'2024-09-24 15:16:48','2024-09-24 15:16:48','text','desc'),(5,'2024-09-24 15:16:48','2024-09-24 15:16:48','img','desc'),(7,'2024-09-24 19:33:48','2024-09-24 19:33:48','button3d','button'),(8,'2024-09-25 18:16:53','2024-09-25 18:16:53','image3d','image3d'),(9,'2024-09-25 18:23:37','2024-09-25 18:23:37','codeplayground_v2','desc'),(15,'2024-09-27 00:22:53','2024-09-27 00:22:53','button','type button'),(16,'2024-11-07 19:26:51','2024-11-07 19:26:51','icon','icon'),(17,'2024-11-07 23:42:02','2024-11-07 23:42:02','table_contents','table_contents');
/*!40000 ALTER TABLE `component_type` ENABLE KEYS */;
UNLOCK TABLES;

--
-- Table structure for table `failed_jobs`
--

DROP TABLE IF EXISTS `failed_jobs`;
/*!40101 SET @saved_cs_client     = @@character_set_client */;
/*!50503 SET character_set_client = utf8mb4 */;
CREATE TABLE `failed_jobs` (
  `id` bigint unsigned NOT NULL AUTO_INCREMENT,
  `uuid` varchar(255) CHARACTER SET utf8mb4 COLLATE utf8mb4_unicode_ci NOT NULL,
  `connection` text CHARACTER SET utf8mb4 COLLATE utf8mb4_unicode_ci NOT NULL,
  `queue` text CHARACTER SET utf8mb4 COLLATE utf8mb4_unicode_ci NOT NULL,
  `payload` longtext CHARACTER SET utf8mb4 COLLATE utf8mb4_unicode_ci NOT NULL,
  `exception` longtext CHARACTER SET utf8mb4 COLLATE utf8mb4_unicode_ci NOT NULL,
  `failed_at` timestamp NOT NULL DEFAULT CURRENT_TIMESTAMP,
  PRIMARY KEY (`id`),
  UNIQUE KEY `failed_jobs_uuid_unique` (`uuid`)
) ENGINE=InnoDB DEFAULT CHARSET=utf8mb4 COLLATE=utf8mb4_unicode_ci;
/*!40101 SET character_set_client = @saved_cs_client */;

--
-- Dumping data for table `failed_jobs`
--

LOCK TABLES `failed_jobs` WRITE;
/*!40000 ALTER TABLE `failed_jobs` DISABLE KEYS */;
/*!40000 ALTER TABLE `failed_jobs` ENABLE KEYS */;
UNLOCK TABLES;

--
-- Table structure for table `images`
--

DROP TABLE IF EXISTS `images`;
/*!40101 SET @saved_cs_client     = @@character_set_client */;
/*!50503 SET character_set_client = utf8mb4 */;
CREATE TABLE `images` (
  `id` bigint unsigned NOT NULL AUTO_INCREMENT,
  `created_at` timestamp NULL DEFAULT NULL,
  `updated_at` timestamp NULL DEFAULT NULL,
  `name` varchar(255) CHARACTER SET utf8mb4 COLLATE utf8mb4_unicode_ci NOT NULL,
  `url` varchar(255) CHARACTER SET utf8mb4 COLLATE utf8mb4_unicode_ci NOT NULL,
  `desc` varchar(255) CHARACTER SET utf8mb4 COLLATE utf8mb4_unicode_ci NOT NULL,
  `post_id` bigint unsigned DEFAULT NULL,
  `post_content_id` bigint unsigned DEFAULT NULL,
  `component_id` bigint unsigned DEFAULT NULL,
  PRIMARY KEY (`id`),
  KEY `images_post_id_foreign` (`post_id`),
  KEY `images_post_content_id_foreign` (`post_content_id`),
  KEY `images_component_id_foreign` (`component_id`),
  CONSTRAINT `images_component_id_foreign` FOREIGN KEY (`component_id`) REFERENCES `component` (`id`) ON DELETE CASCADE
) ENGINE=InnoDB DEFAULT CHARSET=utf8mb4 COLLATE=utf8mb4_unicode_ci;
/*!40101 SET character_set_client = @saved_cs_client */;

--
-- Dumping data for table `images`
--

LOCK TABLES `images` WRITE;
/*!40000 ALTER TABLE `images` DISABLE KEYS */;
/*!40000 ALTER TABLE `images` ENABLE KEYS */;
UNLOCK TABLES;

--
-- Table structure for table `migrations`
--

DROP TABLE IF EXISTS `migrations`;
/*!40101 SET @saved_cs_client     = @@character_set_client */;
/*!50503 SET character_set_client = utf8mb4 */;
CREATE TABLE `migrations` (
  `id` int unsigned NOT NULL AUTO_INCREMENT,
  `migration` varchar(255) CHARACTER SET utf8mb4 COLLATE utf8mb4_unicode_ci NOT NULL,
  `batch` int NOT NULL,
  PRIMARY KEY (`id`)
) ENGINE=InnoDB AUTO_INCREMENT=29 DEFAULT CHARSET=utf8mb4 COLLATE=utf8mb4_unicode_ci;
/*!40101 SET character_set_client = @saved_cs_client */;

--
-- Dumping data for table `migrations`
--

LOCK TABLES `migrations` WRITE;
/*!40000 ALTER TABLE `migrations` DISABLE KEYS */;
INSERT INTO `migrations` VALUES (1,'2014_10_12_000000_create_users_table',1),(2,'2014_10_12_100000_create_password_reset_tokens_table',1),(3,'2019_08_19_000000_create_failed_jobs_table',1),(4,'2019_12_14_000001_create_personal_access_tokens_table',1),(5,'2022_12_15_003335_create_post_categories_table',1),(6,'2022_12_15_003335_create_post_content_types_table',1),(7,'2022_12_15_003336_create_clients_table',1),(8,'2022_12_15_003336_create_post_content_type_attributes_table',1),(9,'2022_12_15_003336_create_posts_table',1),(10,'2022_12_15_003337_create_post_contents_table',1),(11,'2022_12_15_003338_create_post_content_attributes_table',1),(12,'2022_12_15_003338_create_post_subcontents_table',1),(13,'2023_01_24_150529_create_post_tags_table',1),(14,'2023_01_24_150530_create_posts_tags_table',1),(15,'2023_01_24_150536_cretae_post_comments_table',1),(16,'2023_06_07_224956_create_permission_tables',1),(17,'2024_01_13_210601_post_content_attributes_custom',1),(18,'2024_01_15_211128_post',1),(19,'2024_01_15_211129_component_type',1),(20,'2024_01_15_211130_component',1),(21,'2024_01_15_211137_post_component',1),(22,'2024_01_15_211151_component_attribute',1),(23,'2024_01_15_211152_post_component_attribute',1),(24,'2024_01_15_211306_subcomponent',1),(25,'2024_01_15_211308_subcomponent_attribute',1),(26,'2024_01_15_211309_create_posts_images_table',1),(27,'2024_01_19_170625_relation_subcomponents',1),(28,'2024_01_24_000505_add_order_to_subcomponent_table',1);
/*!40000 ALTER TABLE `migrations` ENABLE KEYS */;
UNLOCK TABLES;

--
-- Table structure for table `model_has_permissions`
--

DROP TABLE IF EXISTS `model_has_permissions`;
/*!40101 SET @saved_cs_client     = @@character_set_client */;
/*!50503 SET character_set_client = utf8mb4 */;
CREATE TABLE `model_has_permissions` (
  `permission_id` bigint unsigned NOT NULL,
  `model_type` varchar(255) CHARACTER SET utf8mb4 COLLATE utf8mb4_unicode_ci NOT NULL,
  `model_id` bigint unsigned NOT NULL,
  PRIMARY KEY (`permission_id`,`model_id`,`model_type`),
  KEY `model_has_permissions_model_id_model_type_index` (`model_id`,`model_type`),
  CONSTRAINT `model_has_permissions_permission_id_foreign` FOREIGN KEY (`permission_id`) REFERENCES `permissions` (`id`) ON DELETE CASCADE
) ENGINE=InnoDB DEFAULT CHARSET=utf8mb4 COLLATE=utf8mb4_unicode_ci;
/*!40101 SET character_set_client = @saved_cs_client */;

--
-- Dumping data for table `model_has_permissions`
--

LOCK TABLES `model_has_permissions` WRITE;
/*!40000 ALTER TABLE `model_has_permissions` DISABLE KEYS */;
/*!40000 ALTER TABLE `model_has_permissions` ENABLE KEYS */;
UNLOCK TABLES;

--
-- Table structure for table `model_has_roles`
--

DROP TABLE IF EXISTS `model_has_roles`;
/*!40101 SET @saved_cs_client     = @@character_set_client */;
/*!50503 SET character_set_client = utf8mb4 */;
CREATE TABLE `model_has_roles` (
  `role_id` bigint unsigned NOT NULL,
  `model_type` varchar(255) CHARACTER SET utf8mb4 COLLATE utf8mb4_unicode_ci NOT NULL,
  `model_id` bigint unsigned NOT NULL,
  PRIMARY KEY (`role_id`,`model_id`,`model_type`),
  KEY `model_has_roles_model_id_model_type_index` (`model_id`,`model_type`),
  CONSTRAINT `model_has_roles_role_id_foreign` FOREIGN KEY (`role_id`) REFERENCES `roles` (`id`) ON DELETE CASCADE
) ENGINE=InnoDB DEFAULT CHARSET=utf8mb4 COLLATE=utf8mb4_unicode_ci;
/*!40101 SET character_set_client = @saved_cs_client */;

--
-- Dumping data for table `model_has_roles`
--

LOCK TABLES `model_has_roles` WRITE;
/*!40000 ALTER TABLE `model_has_roles` DISABLE KEYS */;
INSERT INTO `model_has_roles` VALUES (1,'App\\Models\\User',1),(3,'App\\Models\\User',4),(3,'App\\Models\\User',5),(3,'App\\Models\\User',6),(3,'App\\Models\\User',7);
/*!40000 ALTER TABLE `model_has_roles` ENABLE KEYS */;
UNLOCK TABLES;

--
-- Table structure for table `password_reset_tokens`
--

DROP TABLE IF EXISTS `password_reset_tokens`;
/*!40101 SET @saved_cs_client     = @@character_set_client */;
/*!50503 SET character_set_client = utf8mb4 */;
CREATE TABLE `password_reset_tokens` (
  `email` varchar(255) CHARACTER SET utf8mb4 COLLATE utf8mb4_unicode_ci NOT NULL,
  `token` varchar(255) CHARACTER SET utf8mb4 COLLATE utf8mb4_unicode_ci NOT NULL,
  `created_at` timestamp NULL DEFAULT NULL,
  PRIMARY KEY (`email`)
) ENGINE=InnoDB DEFAULT CHARSET=utf8mb4 COLLATE=utf8mb4_unicode_ci;
/*!40101 SET character_set_client = @saved_cs_client */;

--
-- Dumping data for table `password_reset_tokens`
--

LOCK TABLES `password_reset_tokens` WRITE;
/*!40000 ALTER TABLE `password_reset_tokens` DISABLE KEYS */;
/*!40000 ALTER TABLE `password_reset_tokens` ENABLE KEYS */;
UNLOCK TABLES;

--
-- Table structure for table `permissions`
--

DROP TABLE IF EXISTS `permissions`;
/*!40101 SET @saved_cs_client     = @@character_set_client */;
/*!50503 SET character_set_client = utf8mb4 */;
CREATE TABLE `permissions` (
  `id` bigint unsigned NOT NULL AUTO_INCREMENT,
  `name` varchar(255) CHARACTER SET utf8mb4 COLLATE utf8mb4_unicode_ci NOT NULL,
  `guard_name` varchar(255) CHARACTER SET utf8mb4 COLLATE utf8mb4_unicode_ci NOT NULL,
  `created_at` timestamp NULL DEFAULT NULL,
  `updated_at` timestamp NULL DEFAULT NULL,
  PRIMARY KEY (`id`),
  UNIQUE KEY `permissions_name_guard_name_unique` (`name`,`guard_name`)
) ENGINE=InnoDB DEFAULT CHARSET=utf8mb4 COLLATE=utf8mb4_unicode_ci;
/*!40101 SET character_set_client = @saved_cs_client */;

--
-- Dumping data for table `permissions`
--

LOCK TABLES `permissions` WRITE;
/*!40000 ALTER TABLE `permissions` DISABLE KEYS */;
/*!40000 ALTER TABLE `permissions` ENABLE KEYS */;
UNLOCK TABLES;

--
-- Table structure for table `personal_access_tokens`
--

DROP TABLE IF EXISTS `personal_access_tokens`;
/*!40101 SET @saved_cs_client     = @@character_set_client */;
/*!50503 SET character_set_client = utf8mb4 */;
CREATE TABLE `personal_access_tokens` (
  `id` bigint unsigned NOT NULL AUTO_INCREMENT,
  `tokenable_type` varchar(255) CHARACTER SET utf8mb4 COLLATE utf8mb4_unicode_ci NOT NULL,
  `tokenable_id` bigint unsigned NOT NULL,
  `name` varchar(255) CHARACTER SET utf8mb4 COLLATE utf8mb4_unicode_ci NOT NULL,
  `token` varchar(64) CHARACTER SET utf8mb4 COLLATE utf8mb4_unicode_ci NOT NULL,
  `abilities` text CHARACTER SET utf8mb4 COLLATE utf8mb4_unicode_ci,
  `last_used_at` timestamp NULL DEFAULT NULL,
  `expires_at` timestamp NULL DEFAULT NULL,
  `created_at` timestamp NULL DEFAULT NULL,
  `updated_at` timestamp NULL DEFAULT NULL,
  PRIMARY KEY (`id`),
  UNIQUE KEY `personal_access_tokens_token_unique` (`token`),
  KEY `personal_access_tokens_tokenable_type_tokenable_id_index` (`tokenable_type`,`tokenable_id`)
) ENGINE=InnoDB DEFAULT CHARSET=utf8mb4 COLLATE=utf8mb4_unicode_ci;
/*!40101 SET character_set_client = @saved_cs_client */;

--
-- Dumping data for table `personal_access_tokens`
--

LOCK TABLES `personal_access_tokens` WRITE;
/*!40000 ALTER TABLE `personal_access_tokens` DISABLE KEYS */;
/*!40000 ALTER TABLE `personal_access_tokens` ENABLE KEYS */;
UNLOCK TABLES;

--
-- Table structure for table `post`
--

DROP TABLE IF EXISTS `post`;
/*!40101 SET @saved_cs_client     = @@character_set_client */;
/*!50503 SET character_set_client = utf8mb4 */;
CREATE TABLE `post` (
  `id` bigint unsigned NOT NULL AUTO_INCREMENT,
  `created_at` timestamp NULL DEFAULT NULL,
  `updated_at` timestamp NULL DEFAULT NULL,
  `name` varchar(255) CHARACTER SET utf8mb4 COLLATE utf8mb4_unicode_ci NOT NULL,
  `subname` varchar(255) CHARACTER SET utf8mb4 COLLATE utf8mb4_unicode_ci NOT NULL,
  `desc` longtext CHARACTER SET utf8mb4 COLLATE utf8mb4_unicode_ci NOT NULL,
  `client_id` bigint unsigned DEFAULT NULL,
  `user_id` bigint unsigned DEFAULT NULL,
  `post_category_id` bigint unsigned DEFAULT NULL,
  `views` int DEFAULT '0',
  `visit_at` timestamp NULL DEFAULT CURRENT_TIMESTAMP,
  PRIMARY KEY (`id`),
  KEY `post_client_id_foreign` (`client_id`),
  KEY `post_user_id_foreign` (`user_id`),
  KEY `post_post_category_id_foreign` (`post_category_id`),
  CONSTRAINT `post_client_id_foreign` FOREIGN KEY (`client_id`) REFERENCES `clients` (`id`) ON DELETE CASCADE,
  CONSTRAINT `post_post_category_id_foreign` FOREIGN KEY (`post_category_id`) REFERENCES `post_categories` (`id`) ON DELETE CASCADE,
  CONSTRAINT `post_user_id_foreign` FOREIGN KEY (`user_id`) REFERENCES `users` (`id`) ON DELETE CASCADE
) ENGINE=InnoDB AUTO_INCREMENT=9 DEFAULT CHARSET=utf8mb4 COLLATE=utf8mb4_unicode_ci;
/*!40101 SET character_set_client = @saved_cs_client */;

--
-- Dumping data for table `post`
--

LOCK TABLES `post` WRITE;
/*!40000 ALTER TABLE `post` DISABLE KEYS */;
INSERT INTO `post` VALUES (5,'2024-11-04 19:15:28','2024-11-15 14:40:36','¿Qué es Flexbox?','Flexbox con Tailwind CSS','desc',NULL,1,2,5,'2024-11-15 01:55:14'),(6,'2024-11-05 18:43:38','2024-11-15 14:40:43','Cómo Centrar un div','Cómo Centrar un div','desc',NULL,1,2,2,'2024-11-15 01:55:14'),(7,'2024-11-05 20:18:36','2024-11-15 02:07:52','Cómo Crear un Botón 3D en CSS','Guía Paso a Paso','En este tutorial, vamos a aprender cómo construir un botón 3D en CSS',NULL,1,1,6,'2024-11-15 01:55:14'),(8,'2024-11-08 00:31:17','2024-11-15 14:41:06','table of contents','subname','desc',NULL,1,1,2,'2024-11-15 01:55:14');
/*!40000 ALTER TABLE `post` ENABLE KEYS */;
UNLOCK TABLES;

--
-- Table structure for table `post_categories`
--

DROP TABLE IF EXISTS `post_categories`;
/*!40101 SET @saved_cs_client     = @@character_set_client */;
/*!50503 SET character_set_client = utf8mb4 */;
CREATE TABLE `post_categories` (
  `id` bigint unsigned NOT NULL AUTO_INCREMENT,
  `created_at` timestamp NULL DEFAULT NULL,
  `updated_at` timestamp NULL DEFAULT NULL,
  `name` varchar(255) CHARACTER SET utf8mb4 COLLATE utf8mb4_unicode_ci NOT NULL,
  `desc` varchar(255) CHARACTER SET utf8mb4 COLLATE utf8mb4_unicode_ci NOT NULL,
  `img` varchar(255) CHARACTER SET utf8mb4 COLLATE utf8mb4_unicode_ci NOT NULL,
  PRIMARY KEY (`id`)
) ENGINE=InnoDB AUTO_INCREMENT=7 DEFAULT CHARSET=utf8mb4 COLLATE=utf8mb4_unicode_ci;
/*!40101 SET character_set_client = @saved_cs_client */;

--
-- Dumping data for table `post_categories`
--

LOCK TABLES `post_categories` WRITE;
/*!40000 ALTER TABLE `post_categories` DISABLE KEYS */;
INSERT INTO `post_categories` VALUES (1,'2024-09-24 15:16:48','2024-09-24 15:16:48','general','desc','img'),(2,'2024-10-09 15:10:45','2024-10-09 15:10:45','css','css','img'),(3,'2024-10-09 15:16:26','2024-10-09 15:16:26','javascript','css','img'),(4,'2024-10-09 15:16:26','2024-10-09 15:16:26','animation','css','img'),(5,'2024-10-15 15:21:36','2024-10-15 15:21:36','frameworks','frameworks','img'),(6,'2024-10-15 15:22:39','2024-10-15 15:22:39','performance','performance','img');
/*!40000 ALTER TABLE `post_categories` ENABLE KEYS */;
UNLOCK TABLES;

--
-- Table structure for table `post_comments`
--

DROP TABLE IF EXISTS `post_comments`;
/*!40101 SET @saved_cs_client     = @@character_set_client */;
/*!50503 SET character_set_client = utf8mb4 */;
CREATE TABLE `post_comments` (
  `id` bigint unsigned NOT NULL AUTO_INCREMENT,
  `created_at` timestamp NULL DEFAULT NULL,
  `updated_at` timestamp NULL DEFAULT NULL,
  `name` varchar(255) CHARACTER SET utf8mb4 COLLATE utf8mb4_unicode_ci NOT NULL,
  `desc` varchar(255) CHARACTER SET utf8mb4 COLLATE utf8mb4_unicode_ci NOT NULL,
  `img` varchar(255) CHARACTER SET utf8mb4 COLLATE utf8mb4_unicode_ci NOT NULL,
  `post_id` bigint unsigned DEFAULT NULL,
  `client_id` bigint unsigned DEFAULT NULL,
  `user_id` bigint unsigned DEFAULT NULL,
  PRIMARY KEY (`id`),
  KEY `post_comments_post_id_foreign` (`post_id`),
  KEY `post_comments_client_id_foreign` (`client_id`),
  KEY `post_comments_user_id_foreign` (`user_id`),
  CONSTRAINT `post_comments_client_id_foreign` FOREIGN KEY (`client_id`) REFERENCES `clients` (`id`) ON DELETE CASCADE,
  CONSTRAINT `post_comments_user_id_foreign` FOREIGN KEY (`user_id`) REFERENCES `users` (`id`) ON DELETE CASCADE
) ENGINE=InnoDB DEFAULT CHARSET=utf8mb4 COLLATE=utf8mb4_unicode_ci;
/*!40101 SET character_set_client = @saved_cs_client */;

--
-- Dumping data for table `post_comments`
--

LOCK TABLES `post_comments` WRITE;
/*!40000 ALTER TABLE `post_comments` DISABLE KEYS */;
/*!40000 ALTER TABLE `post_comments` ENABLE KEYS */;
UNLOCK TABLES;

--
-- Table structure for table `post_component`
--

DROP TABLE IF EXISTS `post_component`;
/*!40101 SET @saved_cs_client     = @@character_set_client */;
/*!50503 SET character_set_client = utf8mb4 */;
CREATE TABLE `post_component` (
  `id` bigint unsigned NOT NULL AUTO_INCREMENT,
  `created_at` timestamp NULL DEFAULT NULL,
  `updated_at` timestamp NULL DEFAULT NULL,
  `component_id` bigint unsigned DEFAULT NULL,
  `post_id` bigint unsigned DEFAULT NULL,
  PRIMARY KEY (`id`),
  KEY `post_component_component_id_foreign` (`component_id`),
  KEY `post_component_post_id_foreign` (`post_id`),
  CONSTRAINT `post_component_component_id_foreign` FOREIGN KEY (`component_id`) REFERENCES `component` (`id`) ON DELETE CASCADE,
  CONSTRAINT `post_component_post_id_foreign` FOREIGN KEY (`post_id`) REFERENCES `post` (`id`) ON DELETE CASCADE
) ENGINE=InnoDB AUTO_INCREMENT=9 DEFAULT CHARSET=utf8mb4 COLLATE=utf8mb4_unicode_ci;
/*!40101 SET character_set_client = @saved_cs_client */;

--
-- Dumping data for table `post_component`
--

LOCK TABLES `post_component` WRITE;
/*!40000 ALTER TABLE `post_component` DISABLE KEYS */;
INSERT INTO `post_component` VALUES (5,NULL,NULL,25,5),(6,NULL,NULL,26,6),(7,NULL,NULL,27,7),(8,NULL,NULL,33,8);
/*!40000 ALTER TABLE `post_component` ENABLE KEYS */;
UNLOCK TABLES;

--
-- Table structure for table `post_component_attribute`
--

DROP TABLE IF EXISTS `post_component_attribute`;
/*!40101 SET @saved_cs_client     = @@character_set_client */;
/*!50503 SET character_set_client = utf8mb4 */;
CREATE TABLE `post_component_attribute` (
  `id` bigint unsigned NOT NULL AUTO_INCREMENT,
  `created_at` timestamp NULL DEFAULT NULL,
  `updated_at` timestamp NULL DEFAULT NULL,
  `name` varchar(255) CHARACTER SET utf8mb4 COLLATE utf8mb4_unicode_ci DEFAULT NULL,
  `value` longtext CHARACTER SET utf8mb4 COLLATE utf8mb4_unicode_ci,
  `post_component_id` bigint unsigned DEFAULT NULL,
  PRIMARY KEY (`id`),
  KEY `post_component_attribute_post_component_id_foreign` (`post_component_id`)
) ENGINE=InnoDB DEFAULT CHARSET=utf8mb4 COLLATE=utf8mb4_unicode_ci;
/*!40101 SET character_set_client = @saved_cs_client */;

--
-- Dumping data for table `post_component_attribute`
--

LOCK TABLES `post_component_attribute` WRITE;
/*!40000 ALTER TABLE `post_component_attribute` DISABLE KEYS */;
/*!40000 ALTER TABLE `post_component_attribute` ENABLE KEYS */;
UNLOCK TABLES;

--
-- Table structure for table `relation_subcomponent`
--

DROP TABLE IF EXISTS `relation_subcomponent`;
/*!40101 SET @saved_cs_client     = @@character_set_client */;
/*!50503 SET character_set_client = utf8mb4 */;
CREATE TABLE `relation_subcomponent` (
  `id` bigint unsigned NOT NULL AUTO_INCREMENT,
  `subcomponent_related_id` bigint unsigned NOT NULL,
  `subcomponent_id` bigint unsigned NOT NULL,
  `created_at` timestamp NULL DEFAULT NULL,
  `updated_at` timestamp NULL DEFAULT NULL,
  PRIMARY KEY (`id`),
  KEY `relation_subcomponent_subcomponent_related_id_foreign` (`subcomponent_related_id`),
  KEY `relation_subcomponent_subcomponent_id_foreign` (`subcomponent_id`),
  CONSTRAINT `relation_subcomponent_subcomponent_id_foreign` FOREIGN KEY (`subcomponent_id`) REFERENCES `subcomponent` (`id`) ON DELETE CASCADE,
  CONSTRAINT `relation_subcomponent_subcomponent_related_id_foreign` FOREIGN KEY (`subcomponent_related_id`) REFERENCES `subcomponent` (`id`) ON DELETE CASCADE
) ENGINE=InnoDB AUTO_INCREMENT=469 DEFAULT CHARSET=utf8mb4 COLLATE=utf8mb4_unicode_ci;
/*!40101 SET character_set_client = @saved_cs_client */;

--
-- Dumping data for table `relation_subcomponent`
--

LOCK TABLES `relation_subcomponent` WRITE;
/*!40000 ALTER TABLE `relation_subcomponent` DISABLE KEYS */;
INSERT INTO `relation_subcomponent` VALUES (16,19,18,NULL,NULL),(19,22,18,NULL,NULL),(58,66,62,NULL,NULL),(59,67,62,NULL,NULL),(60,68,62,NULL,NULL),(61,69,62,NULL,NULL),(62,70,62,NULL,NULL),(63,71,70,NULL,NULL),(64,72,71,NULL,NULL),(99,109,64,NULL,NULL),(100,110,64,NULL,NULL),(101,111,64,NULL,NULL),(103,114,113,NULL,NULL),(104,115,114,NULL,NULL),(105,116,115,NULL,NULL),(106,117,116,NULL,NULL),(107,118,114,NULL,NULL),(108,119,114,NULL,NULL),(109,120,114,NULL,NULL),(110,121,114,NULL,NULL),(112,123,122,NULL,NULL),(113,124,123,NULL,NULL),(114,125,123,NULL,NULL),(115,126,123,NULL,NULL),(162,183,182,NULL,NULL),(164,185,184,NULL,NULL),(166,189,188,NULL,NULL),(167,190,188,NULL,NULL),(168,191,188,NULL,NULL),(169,192,188,NULL,NULL),(170,193,192,NULL,NULL),(171,194,188,NULL,NULL),(172,195,194,NULL,NULL),(174,197,196,NULL,NULL),(176,200,199,NULL,NULL),(177,201,199,NULL,NULL),(179,204,203,NULL,NULL),(180,205,203,NULL,NULL),(184,210,209,NULL,NULL),(185,211,209,NULL,NULL),(204,232,230,NULL,NULL),(205,233,232,NULL,NULL),(206,234,232,NULL,NULL),(207,235,231,NULL,NULL),(208,236,235,NULL,NULL),(210,238,235,NULL,NULL),(211,239,235,NULL,NULL),(212,240,235,NULL,NULL),(213,241,235,NULL,NULL),(214,242,235,NULL,NULL),(215,243,235,NULL,NULL),(216,244,235,NULL,NULL),(217,245,235,NULL,NULL),(218,246,235,NULL,NULL),(219,247,235,NULL,NULL),(220,248,235,NULL,NULL),(221,249,235,NULL,NULL),(222,250,249,NULL,NULL),(224,252,249,NULL,NULL),(225,253,249,NULL,NULL),(226,254,249,NULL,NULL),(227,255,249,NULL,NULL),(228,256,249,NULL,NULL),(229,257,249,NULL,NULL),(230,258,249,NULL,NULL),(231,259,249,NULL,NULL),(232,261,260,NULL,NULL),(233,262,261,NULL,NULL),(234,263,261,NULL,NULL),(235,265,264,NULL,NULL),(236,266,265,NULL,NULL),(237,267,265,NULL,NULL),(238,268,265,NULL,NULL),(239,269,265,NULL,NULL),(240,270,265,NULL,NULL),(242,272,265,NULL,NULL),(248,278,265,NULL,NULL),(249,279,278,NULL,NULL),(250,280,278,NULL,NULL),(251,281,278,NULL,NULL),(252,282,278,NULL,NULL),(253,283,278,NULL,NULL),(254,284,278,NULL,NULL),(257,287,278,NULL,NULL),(258,288,278,NULL,NULL),(259,289,278,NULL,NULL),(260,291,290,NULL,NULL),(261,292,291,NULL,NULL),(262,293,291,NULL,NULL),(263,295,294,NULL,NULL),(264,296,295,NULL,NULL),(266,298,295,NULL,NULL),(267,299,295,NULL,NULL),(268,300,295,NULL,NULL),(269,301,295,NULL,NULL),(281,313,295,NULL,NULL),(283,315,295,NULL,NULL),(286,318,295,NULL,NULL),(298,336,295,NULL,NULL),(299,337,336,NULL,NULL),(301,339,336,NULL,NULL),(302,340,336,NULL,NULL),(303,341,295,NULL,NULL),(304,342,341,NULL,NULL),(305,343,341,NULL,NULL),(306,344,341,NULL,NULL),(307,345,341,NULL,NULL),(308,346,341,NULL,NULL),(309,347,341,NULL,NULL),(311,349,341,NULL,NULL),(312,351,295,NULL,NULL),(313,352,295,NULL,NULL),(314,353,352,NULL,NULL),(315,354,352,NULL,NULL),(316,355,352,NULL,NULL),(317,356,352,NULL,NULL),(318,357,352,NULL,NULL),(319,358,352,NULL,NULL),(320,359,352,NULL,NULL),(325,370,369,NULL,NULL),(344,389,352,NULL,NULL),(345,390,389,NULL,NULL),(346,391,389,NULL,NULL),(347,392,389,NULL,NULL),(348,393,392,NULL,NULL),(349,396,395,NULL,NULL),(350,397,396,NULL,NULL),(351,398,396,NULL,NULL),(387,436,399,NULL,NULL),(389,438,436,NULL,NULL),(407,456,436,NULL,NULL),(408,457,456,NULL,NULL),(442,495,438,NULL,NULL),(443,496,495,NULL,NULL),(444,497,496,NULL,NULL),(445,498,495,NULL,NULL),(446,499,495,NULL,NULL),(447,500,438,NULL,NULL),(448,501,500,NULL,NULL),(450,503,500,NULL,NULL),(451,504,500,NULL,NULL),(452,505,438,NULL,NULL),(453,506,505,NULL,NULL),(455,508,505,NULL,NULL),(456,509,505,NULL,NULL),(457,510,501,NULL,NULL),(468,521,506,NULL,NULL);
/*!40000 ALTER TABLE `relation_subcomponent` ENABLE KEYS */;
UNLOCK TABLES;

--
-- Table structure for table `role_has_permissions`
--

DROP TABLE IF EXISTS `role_has_permissions`;
/*!40101 SET @saved_cs_client     = @@character_set_client */;
/*!50503 SET character_set_client = utf8mb4 */;
CREATE TABLE `role_has_permissions` (
  `permission_id` bigint unsigned NOT NULL,
  `role_id` bigint unsigned NOT NULL,
  PRIMARY KEY (`permission_id`,`role_id`),
  KEY `role_has_permissions_role_id_foreign` (`role_id`),
  CONSTRAINT `role_has_permissions_permission_id_foreign` FOREIGN KEY (`permission_id`) REFERENCES `permissions` (`id`) ON DELETE CASCADE,
  CONSTRAINT `role_has_permissions_role_id_foreign` FOREIGN KEY (`role_id`) REFERENCES `roles` (`id`) ON DELETE CASCADE
) ENGINE=InnoDB DEFAULT CHARSET=utf8mb4 COLLATE=utf8mb4_unicode_ci;
/*!40101 SET character_set_client = @saved_cs_client */;

--
-- Dumping data for table `role_has_permissions`
--

LOCK TABLES `role_has_permissions` WRITE;
/*!40000 ALTER TABLE `role_has_permissions` DISABLE KEYS */;
/*!40000 ALTER TABLE `role_has_permissions` ENABLE KEYS */;
UNLOCK TABLES;

--
-- Table structure for table `roles`
--

DROP TABLE IF EXISTS `roles`;
/*!40101 SET @saved_cs_client     = @@character_set_client */;
/*!50503 SET character_set_client = utf8mb4 */;
CREATE TABLE `roles` (
  `id` bigint unsigned NOT NULL AUTO_INCREMENT,
  `name` varchar(255) CHARACTER SET utf8mb4 COLLATE utf8mb4_unicode_ci NOT NULL,
  `guard_name` varchar(255) CHARACTER SET utf8mb4 COLLATE utf8mb4_unicode_ci NOT NULL,
  `created_at` timestamp NULL DEFAULT NULL,
  `updated_at` timestamp NULL DEFAULT NULL,
  PRIMARY KEY (`id`),
  UNIQUE KEY `roles_name_guard_name_unique` (`name`,`guard_name`)
) ENGINE=InnoDB AUTO_INCREMENT=4 DEFAULT CHARSET=utf8mb4 COLLATE=utf8mb4_unicode_ci;
/*!40101 SET character_set_client = @saved_cs_client */;

--
-- Dumping data for table `roles`
--

LOCK TABLES `roles` WRITE;
/*!40000 ALTER TABLE `roles` DISABLE KEYS */;
INSERT INTO `roles` VALUES (1,'superadmin','api','2024-09-24 15:16:48','2024-09-24 15:16:48'),(2,'admin','api','2024-09-24 15:16:48','2024-09-24 15:16:48'),(3,'user','api','2024-09-24 15:16:48','2024-09-24 15:16:48');
/*!40000 ALTER TABLE `roles` ENABLE KEYS */;
UNLOCK TABLES;

--
-- Table structure for table `subcomponent`
--

DROP TABLE IF EXISTS `subcomponent`;
/*!40101 SET @saved_cs_client     = @@character_set_client */;
/*!50503 SET character_set_client = utf8mb4 */;
CREATE TABLE `subcomponent` (
  `id` bigint unsigned NOT NULL AUTO_INCREMENT,
  `created_at` timestamp NULL DEFAULT NULL,
  `updated_at` timestamp NULL DEFAULT NULL,
  `component_child_id` bigint unsigned DEFAULT NULL,
  `component_parent_id` bigint unsigned DEFAULT NULL,
  `subcomponent_id` bigint unsigned DEFAULT NULL,
  `order` int DEFAULT NULL,
  PRIMARY KEY (`id`),
  KEY `subcomponent_component_child_id_foreign` (`component_child_id`),
  KEY `subcomponent_component_parent_id_foreign` (`component_parent_id`),
  CONSTRAINT `subcomponent_component_child_id_foreign` FOREIGN KEY (`component_child_id`) REFERENCES `component` (`id`) ON DELETE CASCADE,
  CONSTRAINT `subcomponent_component_parent_id_foreign` FOREIGN KEY (`component_parent_id`) REFERENCES `component` (`id`) ON DELETE CASCADE
) ENGINE=InnoDB AUTO_INCREMENT=522 DEFAULT CHARSET=utf8mb4 COLLATE=utf8mb4_unicode_ci;
/*!40101 SET character_set_client = @saved_cs_client */;

--
-- Dumping data for table `subcomponent`
--

LOCK TABLES `subcomponent` WRITE;
/*!40000 ALTER TABLE `subcomponent` DISABLE KEYS */;
INSERT INTO `subcomponent` VALUES (5,'2024-09-24 15:49:19','2024-09-24 15:49:19',4,3,NULL,1),(16,'2024-09-24 19:34:11','2024-09-25 18:32:34',5,NULL,13,0),(17,'2024-09-24 19:34:11','2024-09-25 18:32:34',8,NULL,13,1),(18,'2024-09-24 19:34:11','2024-09-25 18:32:34',3,NULL,13,2),(19,'2024-09-24 19:34:11','2024-09-25 18:21:16',4,NULL,18,0),(22,'2024-09-25 18:20:44','2024-09-25 18:21:16',5,NULL,18,1),(23,'2024-09-25 18:22:15','2024-09-25 18:32:34',4,NULL,13,3),(24,'2024-09-25 18:22:47','2024-09-25 18:32:34',5,NULL,13,4),(26,'2024-09-25 18:23:47','2024-09-25 18:32:34',10,NULL,13,5),(27,'2024-09-25 18:24:09','2024-09-25 18:32:34',4,NULL,13,6),(28,'2024-09-25 18:24:32','2024-09-25 18:32:34',5,NULL,13,7),(29,'2024-09-25 18:24:51','2024-09-25 18:32:51',5,NULL,13,8),(30,'2024-09-25 18:25:07','2024-09-25 18:32:34',10,NULL,13,12),(31,'2024-09-25 18:25:37','2024-09-25 18:32:36',5,NULL,13,10),(32,'2024-09-25 18:25:57','2024-09-25 18:32:36',5,NULL,13,11),(33,'2024-09-25 18:26:14','2024-09-25 18:32:52',10,NULL,13,9),(34,'2024-09-25 18:34:44','2024-09-25 18:34:44',5,NULL,13,14),(35,'2024-09-25 18:34:44','2024-09-25 18:34:44',10,NULL,13,15),(36,'2024-09-25 18:34:44','2024-09-25 18:34:44',4,NULL,13,16),(40,'2024-09-25 18:37:32','2024-09-25 18:37:32',10,NULL,13,17),(41,'2024-09-25 18:37:32','2024-09-25 18:37:32',10,NULL,13,18),(42,'2024-09-25 18:38:12','2024-09-25 18:38:12',10,NULL,13,19),(43,'2024-09-25 18:54:04','2024-09-25 18:54:04',4,NULL,13,20),(44,'2024-09-25 21:02:34','2024-09-25 21:02:34',5,NULL,13,21),(62,'2024-09-26 17:52:22','2024-09-26 17:52:22',2,NULL,61,NULL),(64,'2024-09-26 17:52:22','2024-09-26 17:52:22',2,NULL,63,NULL),(66,'2024-09-26 17:57:04','2024-09-26 18:02:36',5,NULL,62,1),(67,'2024-09-26 17:59:52','2024-09-26 18:02:36',5,NULL,62,2),(68,'2024-09-26 17:59:52','2024-09-26 18:02:36',5,NULL,62,3),(69,'2024-09-26 17:59:52','2024-09-26 18:02:36',5,NULL,62,4),(70,'2024-09-26 18:02:28','2024-09-26 18:02:36',2,NULL,62,0),(71,'2024-09-26 18:02:28','2024-09-26 18:02:28',2,NULL,70,5),(72,'2024-09-26 18:03:26','2024-09-26 18:03:26',6,NULL,71,1),(109,'2024-09-26 18:08:21','2024-09-26 18:08:21',5,NULL,64,1),(110,'2024-09-26 18:08:21','2024-09-26 18:08:21',5,NULL,64,2),(111,'2024-09-26 18:08:22','2024-09-26 18:08:22',8,NULL,64,3),(113,'2024-09-26 18:20:53','2024-09-26 18:20:53',2,NULL,112,NULL),(114,'2024-09-26 18:20:53','2024-09-26 18:20:53',2,NULL,113,NULL),(115,'2024-09-26 18:20:53','2024-09-27 00:41:40',2,NULL,114,0),(116,'2024-09-26 18:20:53','2024-09-26 18:20:53',2,NULL,115,NULL),(117,'2024-09-26 18:20:53','2024-09-26 18:20:53',6,NULL,116,NULL),(118,'2024-09-26 18:20:53','2024-09-27 00:41:40',5,NULL,114,1),(119,'2024-09-26 18:20:53','2024-09-27 00:41:40',5,NULL,114,4),(120,'2024-09-26 18:20:53','2024-09-27 00:41:40',5,NULL,114,3),(121,'2024-09-26 18:20:53','2024-09-27 00:41:40',5,NULL,114,2),(122,'2024-09-26 18:20:53','2024-09-26 18:20:53',2,NULL,112,NULL),(123,'2024-09-26 18:20:53','2024-09-26 18:20:53',2,NULL,122,NULL),(124,'2024-09-26 18:20:53','2024-09-27 00:41:45',5,NULL,123,1),(125,'2024-09-26 18:20:53','2024-09-27 00:41:45',5,NULL,123,0),(126,'2024-09-26 18:20:53','2024-09-27 00:41:45',8,NULL,123,2),(164,'2024-09-26 23:31:15','2024-09-26 23:48:04',5,NULL,161,2),(166,'2024-09-26 23:41:13','2024-09-26 23:41:13',6,NULL,162,1),(173,'2024-09-26 23:47:14','2024-09-26 23:48:04',4,NULL,161,0),(174,'2024-09-26 23:47:28','2024-09-26 23:48:04',4,NULL,161,1),(177,'2024-09-27 00:23:03','2024-09-27 00:23:03',5,23,NULL,1),(182,'2024-09-27 00:49:28','2024-09-27 00:49:28',23,NULL,161,5),(183,'2024-09-27 00:49:28','2024-09-27 00:49:28',5,NULL,182,5),(184,'2024-09-27 00:49:35','2024-09-27 00:49:35',23,NULL,161,6),(185,'2024-09-27 00:49:35','2024-09-27 00:49:35',5,NULL,184,6),(188,'2024-09-27 00:52:49','2024-09-27 00:52:49',2,NULL,187,NULL),(189,'2024-09-27 00:52:49','2024-09-27 01:13:28',4,NULL,188,2),(190,'2024-09-27 00:52:49','2024-09-27 01:13:28',4,NULL,188,1),(191,'2024-09-27 00:52:49','2024-09-27 01:13:28',5,NULL,188,0),(192,'2024-09-27 00:52:49','2024-09-27 01:13:28',23,NULL,188,3),(193,'2024-09-27 00:52:49','2024-09-27 00:52:49',5,NULL,192,NULL),(194,'2024-09-27 00:52:49','2024-09-27 01:13:28',23,NULL,188,4),(195,'2024-09-27 00:52:49','2024-09-27 00:52:49',5,NULL,194,NULL),(196,'2024-09-27 00:52:49','2024-09-27 00:52:49',2,NULL,187,NULL),(197,'2024-09-27 00:52:49','2024-09-27 00:52:49',6,NULL,196,NULL),(199,'2024-10-16 23:43:04','2024-10-16 23:43:04',2,NULL,198,1),(200,'2024-10-16 23:43:15','2024-10-16 23:43:15',4,NULL,199,1),(201,'2024-10-16 23:43:36','2024-10-16 23:43:36',5,NULL,199,2),(203,'2024-10-17 00:00:41','2024-10-17 00:00:41',2,NULL,202,NULL),(204,'2024-10-17 00:00:41','2024-10-17 00:00:41',4,NULL,203,NULL),(205,'2024-10-17 00:00:41','2024-10-17 00:00:41',5,NULL,203,NULL),(207,'2024-10-17 00:00:41','2024-10-17 00:00:41',5,NULL,206,NULL),(208,'2024-10-17 00:00:41','2024-10-17 00:00:41',8,NULL,206,NULL),(209,'2024-10-17 00:00:41','2024-10-17 00:00:41',3,NULL,206,NULL),(210,'2024-10-17 00:00:41','2024-10-17 00:00:41',4,NULL,209,NULL),(211,'2024-10-17 00:00:41','2024-10-17 00:00:41',5,NULL,209,NULL),(212,'2024-10-17 00:00:41','2024-10-17 00:00:41',4,NULL,206,NULL),(213,'2024-10-17 00:00:41','2024-10-17 00:00:41',5,NULL,206,NULL),(214,'2024-10-17 00:00:41','2024-10-17 00:00:41',10,NULL,206,NULL),(215,'2024-10-17 00:00:41','2024-10-17 00:00:41',4,NULL,206,NULL),(216,'2024-10-17 00:00:41','2024-10-17 00:00:41',5,NULL,206,NULL),(217,'2024-10-17 00:00:41','2024-10-17 00:00:41',5,NULL,206,NULL),(219,'2024-10-17 00:00:41','2024-10-17 00:00:41',5,NULL,206,NULL),(220,'2024-10-17 00:00:41','2024-10-17 00:00:41',5,NULL,206,NULL),(221,'2024-10-17 00:00:41','2024-10-17 00:00:41',10,NULL,206,NULL),(222,'2024-10-17 00:00:41','2024-10-17 00:00:41',5,NULL,206,NULL),(223,'2024-10-17 00:00:41','2024-10-17 00:00:41',10,NULL,206,NULL),(224,'2024-10-17 00:00:41','2024-10-17 00:00:41',4,NULL,206,NULL),(225,'2024-10-17 00:00:41','2024-10-17 00:00:41',10,NULL,206,NULL),(228,'2024-10-17 00:00:42','2024-10-17 00:00:42',4,NULL,206,NULL),(230,'2024-11-04 19:18:19','2024-11-04 19:18:19',2,25,NULL,1),(231,'2024-11-04 19:18:19','2024-11-04 19:18:19',2,25,NULL,1),(232,'2024-11-04 19:23:58','2024-11-04 19:23:58',2,NULL,230,1),(233,'2024-11-04 19:24:24','2024-11-04 19:24:24',4,NULL,232,1),(234,'2024-11-04 19:24:24','2024-11-04 19:24:24',5,NULL,232,2),(235,'2024-11-04 19:47:49','2024-11-04 19:47:49',2,NULL,231,1),(236,'2024-11-04 19:49:00','2024-11-04 19:49:00',5,NULL,235,1),(238,'2024-11-04 19:49:00','2024-11-04 19:50:23',4,NULL,235,0),(239,'2024-11-04 19:50:55','2024-11-04 20:09:56',5,NULL,235,2),(240,'2024-11-04 19:53:59','2024-11-04 20:09:56',5,NULL,235,3),(241,'2024-11-04 19:54:32','2024-11-04 20:09:56',10,NULL,235,4),(242,'2024-11-04 20:08:03','2024-11-04 20:10:02',5,NULL,235,6),(243,'2024-11-04 20:08:03','2024-11-04 20:08:03',5,NULL,235,7),(244,'2024-11-04 20:08:03','2024-11-04 20:08:03',5,NULL,235,8),(245,'2024-11-04 20:08:03','2024-11-04 20:08:03',5,NULL,235,9),(246,'2024-11-04 20:09:05','2024-11-04 20:10:02',4,NULL,235,5),(247,'2024-11-04 20:09:05','2024-11-04 20:09:56',5,NULL,235,10),(248,'2024-11-04 20:09:05','2024-11-04 20:09:56',5,NULL,235,11),(249,'2024-11-05 14:46:43','2024-11-05 14:46:43',2,NULL,235,13),(250,'2024-11-05 14:47:19','2024-11-05 14:47:19',4,NULL,249,1),(252,'2024-11-05 14:51:23','2024-11-05 14:51:23',5,NULL,249,2),(253,'2024-11-05 14:52:02','2024-11-05 14:52:02',10,NULL,249,3),(254,'2024-11-05 14:52:33','2024-11-05 14:52:33',5,NULL,249,4),(255,'2024-11-05 14:52:57','2024-11-05 14:52:57',10,NULL,249,5),(256,'2024-11-05 14:53:53','2024-11-05 14:53:53',5,NULL,249,6),(257,'2024-11-05 14:54:01','2024-11-05 14:54:01',10,NULL,249,7),(258,'2024-11-05 14:56:00','2024-11-05 14:56:00',4,NULL,249,8),(259,'2024-11-05 14:56:00','2024-11-05 14:56:00',5,NULL,249,9),(260,'2024-11-05 18:07:55','2024-11-05 18:08:23',2,26,NULL,0),(261,'2024-11-05 18:07:55','2024-11-05 18:07:55',2,NULL,260,NULL),(262,'2024-11-05 18:07:55','2024-11-05 18:11:43',4,NULL,261,0),(263,'2024-11-05 18:07:55','2024-11-05 18:11:43',5,NULL,261,1),(264,'2024-11-05 18:07:55','2024-11-05 18:08:23',2,26,NULL,1),(265,'2024-11-05 18:07:55','2024-11-05 18:07:55',2,NULL,264,NULL),(266,'2024-11-05 18:07:55','2024-11-05 18:50:10',4,NULL,265,2),(267,'2024-11-05 18:07:55','2024-11-05 18:50:10',5,NULL,265,0),(268,'2024-11-05 18:07:55','2024-11-05 18:50:10',5,NULL,265,1),(269,'2024-11-05 18:07:55','2024-11-05 18:10:00',5,NULL,265,3),(270,'2024-11-05 18:07:55','2024-11-05 18:10:00',10,NULL,265,4),(272,'2024-11-05 18:07:55','2024-11-05 18:56:57',5,NULL,265,5),(278,'2024-11-05 18:07:55','2024-11-05 18:09:45',2,NULL,265,12),(279,'2024-11-05 18:07:55','2024-11-05 19:08:53',4,NULL,278,0),(280,'2024-11-05 18:07:55','2024-11-05 19:08:53',5,NULL,278,1),(281,'2024-11-05 18:07:55','2024-11-05 19:08:53',10,NULL,278,2),(282,'2024-11-05 18:07:55','2024-11-05 19:08:53',5,NULL,278,3),(283,'2024-11-05 18:07:55','2024-11-05 19:15:17',10,NULL,278,5),(284,'2024-11-05 18:07:55','2024-11-05 19:15:14',5,NULL,278,4),(287,'2024-11-05 18:07:55','2024-11-05 19:15:17',5,NULL,278,6),(288,'2024-11-05 19:17:23','2024-11-05 19:17:23',4,NULL,278,8),(289,'2024-11-05 19:17:23','2024-11-05 19:17:23',5,NULL,278,9),(290,'2024-11-05 20:23:21','2024-11-07 23:52:52',2,27,NULL,0),(291,'2024-11-05 20:23:21','2024-11-05 20:23:21',2,NULL,290,NULL),(292,'2024-11-05 20:23:21','2024-11-05 20:24:12',4,NULL,291,0),(293,'2024-11-05 20:23:21','2024-11-05 20:24:12',5,NULL,291,1),(294,'2024-11-05 20:23:21','2024-11-07 23:52:52',2,27,NULL,1),(295,'2024-11-05 20:23:21','2024-11-05 20:23:21',2,NULL,294,NULL),(296,'2024-11-05 20:23:21','2024-11-06 00:21:15',5,NULL,295,0),(298,'2024-11-05 20:23:21','2024-11-06 00:21:15',4,NULL,295,2),(299,'2024-11-05 20:23:21','2024-11-06 00:21:26',5,NULL,295,3),(300,'2024-11-05 20:23:21','2024-11-07 04:56:05',10,NULL,295,10),(301,'2024-11-05 20:23:21','2024-11-07 04:53:38',5,NULL,295,4),(313,'2024-11-05 20:38:37','2024-11-07 04:53:38',5,NULL,295,5),(315,'2024-11-05 20:38:37','2024-11-07 04:53:38',5,NULL,295,6),(318,'2024-11-05 20:40:38','2024-11-06 00:21:15',8,NULL,295,1),(320,'2024-11-06 00:35:08','2024-11-06 11:48:18',4,28,NULL,0),(322,'2024-11-06 00:38:42','2024-11-06 11:48:15',5,28,NULL,2),(324,'2024-11-06 00:39:05','2024-11-06 11:48:18',10,28,NULL,1),(329,'2024-11-06 00:41:40','2024-11-06 11:48:15',5,28,NULL,3),(336,'2024-11-06 00:48:06','2024-11-07 04:55:59',28,NULL,295,12),(337,'2024-11-06 00:48:06','2024-11-06 17:26:05',4,NULL,336,0),(339,'2024-11-06 00:48:06','2024-11-06 17:26:05',10,NULL,336,3),(340,'2024-11-06 00:48:06','2024-11-06 17:26:05',5,NULL,336,1),(341,'2024-11-06 00:49:05','2024-11-07 04:55:59',28,NULL,295,13),(342,'2024-11-06 00:49:05','2024-11-06 11:48:38',4,NULL,341,0),(343,'2024-11-06 00:49:05','2024-11-06 11:48:46',5,NULL,341,1),(344,'2024-11-06 00:49:05','2024-11-06 11:48:52',10,NULL,341,2),(345,'2024-11-06 00:49:05','2024-11-06 18:24:46',5,NULL,341,6),(346,'2024-11-06 11:47:56','2024-11-06 11:48:54',5,NULL,341,3),(347,'2024-11-06 11:47:57','2024-11-06 11:48:54',10,NULL,341,4),(349,'2024-11-06 18:24:37','2024-11-06 18:24:46',4,NULL,341,5),(351,'2024-11-07 04:53:25','2024-11-07 04:53:38',5,NULL,295,9),(352,'2024-11-07 04:55:52','2024-11-07 04:56:05',28,NULL,295,11),(353,'2024-11-07 04:55:52','2024-11-07 17:52:49',4,NULL,352,0),(354,'2024-11-07 04:55:52','2024-11-07 17:52:49',10,NULL,352,1),(355,'2024-11-07 04:55:52','2024-11-07 17:52:49',5,NULL,352,2),(356,'2024-11-07 04:55:52','2024-11-07 17:52:49',5,NULL,352,3),(357,'2024-11-07 17:52:29','2024-11-07 17:52:49',5,NULL,352,5),(358,'2024-11-07 17:52:29','2024-11-07 17:52:49',5,NULL,352,6),(359,'2024-11-07 17:52:29','2024-11-07 17:52:49',5,NULL,352,4),(365,'2024-11-07 21:47:08','2024-11-07 21:47:08',5,3,NULL,1),(369,'2024-11-07 21:48:40','2024-11-07 21:48:40',2,31,NULL,1),(370,'2024-11-07 21:48:49','2024-11-07 21:48:49',30,NULL,369,1),(389,'2024-11-07 22:07:34','2024-11-07 22:07:34',31,NULL,352,9),(390,'2024-11-07 22:07:34','2024-11-07 22:07:34',4,NULL,389,9),(391,'2024-11-07 22:07:34','2024-11-07 22:07:34',5,NULL,389,9),(392,'2024-11-07 22:07:34','2024-11-07 22:07:34',2,NULL,389,9),(393,'2024-11-07 22:07:34','2024-11-07 22:07:34',30,NULL,392,NULL),(395,'2024-11-08 00:19:46','2024-11-08 00:19:46',2,33,NULL,NULL),(396,'2024-11-08 00:19:46','2024-11-08 00:19:46',2,NULL,395,NULL),(397,'2024-11-08 00:19:46','2024-11-08 00:19:46',4,NULL,396,NULL),(398,'2024-11-08 00:19:46','2024-11-08 00:19:46',5,NULL,396,NULL),(399,'2024-11-08 00:19:46','2024-11-08 00:19:46',2,33,NULL,NULL),(436,'2024-11-08 00:26:02','2024-11-08 00:26:02',2,NULL,399,1),(438,'2024-11-08 00:29:16','2024-11-08 01:53:37',2,NULL,436,0),(456,'2024-11-08 01:53:32','2024-11-08 01:53:37',2,NULL,436,1),(457,'2024-11-08 01:53:50','2024-11-08 01:53:50',32,NULL,456,1),(478,'2024-11-08 02:35:43','2024-11-08 02:35:43',4,31,NULL,1),(479,'2024-11-08 02:35:43','2024-11-08 02:35:43',5,31,NULL,1),(495,'2024-11-08 02:47:02','2024-11-08 20:28:58',31,NULL,438,3),(496,'2024-11-08 02:47:02','2024-11-08 02:47:02',2,NULL,495,11),(497,'2024-11-08 02:47:02','2024-11-08 02:47:02',30,NULL,496,NULL),(498,'2024-11-08 02:47:02','2024-11-08 02:47:02',4,NULL,495,11),(499,'2024-11-08 02:47:02','2024-11-08 02:47:02',5,NULL,495,11),(500,'2024-11-08 02:50:50','2024-11-08 20:28:58',31,NULL,438,1),(501,'2024-11-08 02:50:50','2024-11-08 02:50:50',2,NULL,500,10),(503,'2024-11-08 02:50:50','2024-11-08 02:50:50',4,NULL,500,10),(504,'2024-11-08 02:50:50','2024-11-08 02:50:50',5,NULL,500,10),(505,'2024-11-08 02:50:50','2024-11-08 20:28:58',31,NULL,438,2),(506,'2024-11-08 02:50:50','2024-11-08 02:50:50',2,NULL,505,11),(508,'2024-11-08 02:50:51','2024-11-08 02:50:51',4,NULL,505,11),(509,'2024-11-08 02:50:51','2024-11-08 02:50:51',5,NULL,505,11),(510,'2024-11-08 02:52:20','2024-11-08 02:52:20',5,NULL,501,2),(521,'2024-11-08 03:32:31','2024-11-08 03:32:31',5,NULL,506,2);
/*!40000 ALTER TABLE `subcomponent` ENABLE KEYS */;
UNLOCK TABLES;

--
-- Table structure for table `subcomponent_attribute`
--

DROP TABLE IF EXISTS `subcomponent_attribute`;
/*!40101 SET @saved_cs_client     = @@character_set_client */;
/*!50503 SET character_set_client = utf8mb4 */;
CREATE TABLE `subcomponent_attribute` (
  `id` bigint unsigned NOT NULL AUTO_INCREMENT,
  `created_at` timestamp NULL DEFAULT NULL,
  `updated_at` timestamp NULL DEFAULT NULL,
  `name` varchar(255) CHARACTER SET utf8mb4 COLLATE utf8mb4_unicode_ci DEFAULT NULL,
  `value` longtext CHARACTER SET utf8mb4 COLLATE utf8mb4_unicode_ci,
  `subcomponent_id` bigint unsigned DEFAULT NULL,
  PRIMARY KEY (`id`),
  KEY `subcomponent_attribute_subcomponent_id_foreign` (`subcomponent_id`),
  CONSTRAINT `subcomponent_attribute_subcomponent_id_foreign` FOREIGN KEY (`subcomponent_id`) REFERENCES `subcomponent` (`id`) ON DELETE CASCADE
) ENGINE=InnoDB AUTO_INCREMENT=495 DEFAULT CHARSET=utf8mb4 COLLATE=utf8mb4_unicode_ci;
/*!40101 SET character_set_client = @saved_cs_client */;

--
-- Dumping data for table `subcomponent_attribute`
--

LOCK TABLES `subcomponent_attribute` WRITE;
/*!40000 ALTER TABLE `subcomponent_attribute` DISABLE KEYS */;
INSERT INTO `subcomponent_attribute` VALUES (5,'2024-09-24 19:34:48','2024-09-24 19:34:48','text_label','I had a neat realization recently: Buttons are the killer feature of the web.  Every significant thing we do online, from ordering food to scheduling an appointment to playing a video, involves pressing a button. Buttons (and the forms they submit) make the web dynamic and interactive and powerful.  But so many of those buttons are lackluster. They can trigger enormous changes in the real world, but they don\'t feel tangible at all. The feel like dull everyday pixels.  In this tutorial, we\'ll build a whimsical 3D button:',16),(6,'2024-09-25 18:18:12','2024-09-25 18:18:12','styles','w-[300px] p-4 relative m-0  rounded-none bg-transparent  shadow-none mx-auto',17),(7,'2024-09-25 18:18:45','2024-09-25 18:20:15','styles','w-full p-4 rounded-md bg-bgSeco border-l-4 border-primary',18),(9,'2024-09-25 18:20:34','2024-09-25 18:21:32','text_label','Intended audience',19),(10,'2024-09-25 18:21:32','2024-09-25 18:21:32','styles','text-textSecondary mb-2 leading-relaxed font-semibold',19),(11,'2024-09-25 18:21:44','2024-09-25 18:21:44','text_label','This is an intermediate-level tutorial for front-end developers. It\'s focused on HTML/CSS, no JavaScript knowledge required.  If you\'re relatively new to CSS transitions, I\'d recommend reading An Interactive Guide to CSS Transitions first.  Link to this heading',22),(12,'2024-09-25 18:22:19','2024-09-25 18:22:19','text_label','Our strategy',23),(13,'2024-09-25 18:22:35','2024-09-25 18:22:35','styles','font-semibold text-xl md:text-2xl xl:text-3xl  text-textPrimary',23),(14,'2024-09-25 18:22:51','2024-09-25 18:22:51','text_label','There\'s one main trick we\'ll use a couple times in this tutorial to create the illusion of a 3D button.',24),(15,'2024-09-25 18:24:13','2024-09-25 18:24:13','text_label','Paso a paso',27),(16,'2024-09-25 18:24:36','2024-09-25 18:24:36','text_label','Estructura del componente\r\n\r\n.btn => Este es el componente base que define y encapsula las variables y estilos generales como la estructura principal del botn.\r\n\r\n.btn_primary: Esta clase agrega estilos especficos para definir el tema principal del botn. Simplemente agregando otra clase, como .btn_secondary, puedes cambiar fcilmente el estilo del botn a un tema secundario.\r\n\r\n.btn_shadow: Representa la ltima capa del botn, la sombra. Utilizamos el pseudo-elemento :before o :after para lograr un posicionamiento que no afecte a los elementos hijos, permitindonos mover la sombra fuera de la caja principal sin afectar a los elementos front y back.\r\n\r\n.btn_back: Capa intermedia situada entre la sombra y la parte frontal del botn. Proporciona la estructura y los estilos de fondo del botn.\r\n\r\n.btn_front: La capa frontal del botn, que contiene el contenido visible del botn. Aqu es donde se define el estilo visual y el contenido del botn.',28),(17,'2024-09-25 18:24:55','2024-09-25 18:24:55','text_label','Utilizando una de las variables principales raise la qual maneja la elevacion en contexto 3D del botn, tecnicamente se le aplica a la base donde el alto (2d) total es la altura definida mas la elevacion 3d que queremos',29),(18,'2024-09-25 18:25:25','2024-09-25 18:33:51','css','/*style for btn*/\r\n.btn{\r\n  --font-body-family:-apple-system,BlinkMacSystemFont,Segoe UI,Roboto,Oxygen,Ubuntu,Cantarell,Fira Sans,Droid Sans,Helvetica Neue,sans-serif;\r\n  --height: 50px;\r\n  --raise: 100px;\r\n  --rounded: 10px;\r\n  --rotate: 1;\r\n  --rotate_invers: 1 * - 1;\r\n  --border:4px;\r\n  --border_style:solid #004c65 var(--border);\r\n  --bg-front-color: #AAD3EA;\r\n  --bg-shadow-color: #4B4B4B84;\r\n  --bg-back-color: #004c65;\r\n  --font-color: white;\r\n  --font-body-weight:800;\r\n  --width:180px;\r\n  color:var(--font-color);\r\n  font-family:var(--font-body-family);\r\n  height: calc(var(--height) + var(--raise)); \r\n  width:var(--width);\r\n  font-weight:var(--font-body-weight);\r\n}\r\n\r\n.btn_primary{\r\n  --bg-shadow-color: #4B4B4B20;\r\n  --bg-front-color: #338a9d;\r\n  --bg-back-color: #9a453f;\r\n  --border_style:solid #b84a41 var(--border);\r\n  --font-color: #ea893e;\r\n}\r\n\r\n.btn_shadow {\r\n  border: var(--border) solid transparent;\r\n}\r\n\r\n.btn_shadow:before {\r\n  content:\" \";\r\n  position:absolute;\r\n  height: var(--height); \r\n  margin-top: calc((var(--raise)/0.5)); \r\n  width:var(--width);\r\n  background: var(--bg-shadow-color);\r\n  border-radius: var(--rounded);\r\n  transition:transform 0.2s ease-out;\r\n  border: var(--border) solid transparent;\r\n}\r\n.btn_back:before{\r\n  content:\" \";\r\n  position: absolute; \r\n  height: var(--height); \r\n  margin-top: var(--raise); \r\n  width:var(--width);\r\n  border: var(--border) solid transparent;\r\n  background: var(--bg-back-color);\r\n  border-radius:var(--rounded); \r\n  transition:transform 0.1s ease-out;\r\n} \r\n\r\n.btn_front{\r\n  position: absolute;\r\n  height: var(--height);\r\n  width:var(--width);\r\n  background: var(--bg-front-color);\r\n  display: flex;\r\n  align-items: center;\r\n  justify-content: center;\r\n  border-radius:var(--rounded);\r\n  border: var(--border_style);\r\n  transition:transform 0.1s ease-out;\r\n}\r\n\r\n\r\n\r\n/* It is not necessary only for the body*/\r\n.h-screen{\r\n    height:90vh; \r\n}\r\n.mt-36{\r\n  margin-top:136px;\r\n}\r\n.justify-center {\r\n    justify-content: center;\r\n}\r\n.items-center {\r\n    align-items: center;\r\n}\r\n.flex-wrap {\r\n    flex-wrap: wrap;\r\n}\r\n.flex-col {\r\n    flex-direction: column;\r\n}\r\n.flex{\r\n display : flex;\r\n}',30),(19,'2024-09-25 18:25:42','2024-09-25 18:25:42','text_label','En trminos sencillos, las tres capas del botn (shadow, back y front) son clave para lograr el efecto 3D. Al utilizar pseudo-elementos y tcnicas de posicionamiento, podemos separar la sombra del botn principal sin afectar la disposicin de los elementos visibles. Experimentar con estas clases te permitir entender mejor cmo cada capa contribuye al diseo general del botn y cmo puedes personalizarlo segn tus necesidades. Divirtete explorando las posibilidades!',31),(20,'2024-09-25 18:26:02','2024-09-25 18:26:02','text_label','Aqu tienes una vista explosionada del componente,',32),(22,'2024-09-25 18:27:02','2024-09-25 18:33:51','html','<div class=\"flex flex-col flex-wrap overflow-x-hidden  justify-center items-center h-screen\">\r\n<div class=\"btn btn_primary btn_shadow \" >\r\n  <div class=\"btn_back\">\r\n    <div class=\"btn_front\">\r\n      <p>Hover</p>\r\n    </div>\r\n  </div>\r\n</div>\r\n</div>',30),(23,'2024-09-25 18:27:02','2024-09-25 18:27:02','js','var raise=10;\r\n\r\nfunction obtenerValor() {\r\n  // Obtn el elemento input por su ID\r\n  var rangeInput = document.getElementById(\"button_range\");\r\n\r\n  // Obtn el valor actual del input de rango\r\n  var valor = rangeInput.value;\r\n  var btn = document.querySelector(\".btn\");\r\n    var style = btn.style;\r\n  style.setProperty(\'--raise\', valor+\'px\');\r\n  raise=valor;\r\n  // Actualiza el texto para mostrar el valor actual\r\n  document.getElementById(\"valor_actual\").textContent = \"Valor actual: \" + valor;\r\n}',30),(24,'2024-09-25 18:31:13','2024-09-25 18:31:45','css','.h-screen{\r\n    height:90vh; \r\n}\r\n.mt-auto{\r\n  margin-top:auto;\r\n}\r\n.justify-center {\r\n    justify-content: center;\r\n}\r\n.items-center {\r\n    align-items: center;\r\n}\r\n.flex-wrap {\r\n    flex-wrap: wrap; \r\n}\r\n.flex-col {\r\n    flex-direction: column;\r\n}\r\n.flex{\r\n display : flex;\r\n}\r\n\r\n\r\n.btn{\r\n  --font-body-family:-apple-system,BlinkMacSystemFont,Segoe UI,Roboto,Oxygen,Ubuntu,Cantarell,Fira Sans,Droid Sans,Helvetica Neue,sans-serif;\r\n  --height: 50px;\r\n  --raise: 100px;\r\n  --rounded: 10px;\r\n  --rotate: 1;\r\n  --rotate_invers: 1 * - 1;\r\n  --border:4px;\r\n  --border_style:solid #004c65 var(--border);\r\n  --bg-front-color: #AAD3EA;\r\n  --bg-shadow-color: #4B4B4B84;\r\n  --bg-back-color: #004c65;\r\n  --font-color: white;\r\n  --font-body-weight:800;\r\n  --width:180px;\r\n/*     transform:   translate3d(-10px, 0px, 0px) rotateX(20deg) rotateY(-45deg); */\r\n\r\n}\r\n#valor_actual{\r\n  font-family:\'Ubuntu\';\r\n  font-weight:700;\r\n}\r\n.btn_primary{\r\n  --bg-shadow-color: #4B4B4B20;\r\n  --bg-front-color: #338a9d;\r\n  --bg-back-color: #9a453f;\r\n  --border_style:solid #b84a41 var(--border);\r\n  --font-color: #ea893e;\r\n}\r\n.btn_secondary{\r\n  --bg-shadow-color: #4B4B4B84;\r\n  --bg-front-color: #fffbb5;/*#fffbb5;*/\r\n  --bg-back-color: #4e6a6b;\r\n  --border_style:solid #5c8486 var(--border);\r\n  --font-color: #20201e;\r\n}\r\n.btn_anchor{\r\n  --bg-shadow-color: #4B4B4B84;\r\n  --bg-front-color: #ececec;\r\n  --bg-back-color: #313131;\r\n  --border_style:solid #404040 var(--border);\r\n  --font-color: #7f4997;\r\n}\r\n.btn_danger{\r\n  --bg-shadow-color: #4B4B4B84;\r\n  --bg-front-color: #8B3357;\r\n  --bg-back-color: #afca92;\r\n  --border_style:solid #d2f3af var(--border);\r\n  --font-color: #fff;\r\n}\r\n.btn_disabled{\r\n  --bg-shadow-color: #4B4B4B84;\r\n  --bg-front-color: #f16c5d;\r\n  --bg-back-color: #7da7ac;\r\n  --border_style:solid #9dd6dd var(--border);\r\n  --font-color: #ececec;\r\n}\r\n.btn p{\r\n  font-weight:var(--font-body-weight);\r\n}\r\n.btn_shadow {\r\n  height: calc(var(--height) + var(--raise));\r\n  font-family:var(--font-body-family);\r\n  width:var(--width);\r\n  color:var(--font-color);\r\n  border: var(--border) solid transparent;\r\n}\r\n.btn_shadow:before {\r\n  content:\" \";\r\n  position:absolute;\r\n  height: var(--height);\r\n  margin-top: calc(var(--raise) + (var(--raise)/1.2)); \r\n  width:var(--width);\r\n  background: var(--bg-shadow-color);\r\n  border-radius: var(--rounded);\r\n  transition:transform 0.2s ease-out;\r\n  border: var(--border) solid transparent;\r\n}\r\n.btn_shadow .btn_back:before{\r\n  content:\" \";\r\n  position: absolute;\r\n  height: var(--height);\r\n  margin-top: var(--raise);\r\n  \r\n  width:var(--width);\r\n  border: var(--border) solid transparent;\r\n  background: var(--bg-back-color);\r\n  border-radius:var(--rounded);\r\n  transition:transform 0.1s ease-out;\r\n} \r\n.btn_shadow .btn_front{\r\n  position: absolute;\r\n  height: var(--height);\r\n  width:var(--width);\r\n\r\n  background: var(--bg-front-color);\r\n  display: flex;\r\n  align-items: center;\r\n  justify-content: center;\r\n  border-radius:var(--rounded);\r\n  border: var(--border_style);\r\n  transition:transform 0.1s ease-out;\r\n}\r\n\r\n.btn_shadow_left:before{\r\n  transition: transform 0.2s ease-out;\r\n  transform:skewY(calc(1deg * var(--rotate_invers)));\r\n}\r\n.btn_shadow_right:before{\r\n  transition:transform 0.2s ease-out;\r\n  transform:skewY(calc(1deg * var(--rotate)));\r\n}\r\n.btn_shadow_default:before{\r\n  transform:skew(0) translateZ(0);\r\n}\r\n\r\n.btn_shadow_default:hover:before{\r\n  transform: translateY(-5px);\r\n}\r\n.btn_shadow_default:active:before{\r\n  transform: translateY(calc((var(--raise)/1.2) * -1 ));\r\n}\r\n.btn_shadow_left:active:before{\r\n  transform: translateY(calc((var(--raise)/1.2) * -1 ));\r\n}\r\n.btn_shadow_right:active:before{\r\n  transform: translateY(calc((var(--raise)/1.2) * -1 ));\r\n}\r\n/*btn_front events*/\r\n.btn_front_left{\r\n  transform:skewY(calc(1deg * var(--rotate_invers)));\r\n}\r\n.btn_front_right{\r\n  transform:skewY(calc(1deg * var(--rotate)));\r\n  transition:transform 0.2s ease-out;\r\n}\r\n.btn_front_default{\r\n  transform:skew(0) translateZ(0);\r\n  transition:transform 0.2s ease-out;\r\n}\r\n\r\n.btn_front_left:active{\r\n  transform:skewY(0) translateY(var(--raise));\r\n}\r\n.btn_front_right:active{\r\n  transform:skewY(0) translateY(var(--raise));\r\n}\r\n.btn_front_default:hover{\r\n  transform: translateY(calc(var(--raise) * 0.5));\r\n\r\n}\r\n.btn_front_default:active{\r\n  transform:skewY(0) translateY(var(--raise));\r\n}\r\n\r\n/*loading*/\r\n.btn_loading_wrapp{\r\n  position: absolute;\r\n  height: var(--height);\r\n   width:var(--width);\r\n\r\n  margin-left:calc(var(--border)*-1);/* padding for borders of parent */\r\n  margin-right:calc(var(--border)*-1);/* padding for borders of parent */\r\n  background: var(--bg-back-color);\r\n  display: flex;\r\n  align-items: center;\r\n  justify-content: center;\r\n  border-radius:var(--rounded);\r\n  border: var(--border_style);\r\n  overflow: hidden;\r\n  z-index:1;\r\n}\r\n\r\n.btn_loading_wrapp:before{\r\n  content:\" \";\r\n  position: absolute;\r\n  height: var(--height);\r\n  width: 0;\r\n  left: 0;\r\n  right: 0;\r\n  background: var(--bg-front-color);\r\n  z-index:-1;\r\n}\r\n\r\n.btn_loading_2:before{\r\n  width:100%;\r\n  transition: width 1s ease-in;\r\n}\r\n.opacity-0{\r\n  opacity:0;\r\n}\r\n.hidden{\r\n  display:none;\r\n}\r\n/*.flex{\r\n  display:flex;\r\n}*/\r\n\r\n/*animation text*/\r\n.btn_loading_2 .txt_loading{\r\n  animation: slide-up 0.5s ease-in-out;\r\n}\r\n.btn_loading_2 .txt_loaded{\r\n  animation: slide-down 0.5s ease-in-out;\r\n}\r\n@keyframes slide-down {\r\n  0% {\r\n    transform: translateY(-150%);\r\n    opacity: 0;\r\n  }\r\n  100% {\r\n    transform: translateY(0);\r\n    opacity: 1;\r\n  }\r\n}\r\n@keyframes slide-up {\r\n  0% {\r\n    transform: translateY(150%);\r\n    opacity: 0;\r\n  }\r\n  100% {\r\n    transform: translateY(0);\r\n    opacity: 1;\r\n  }\r\n}\r\n\r\n\r\n/* bender eye*/\r\n\r\n\r\n.wrap {\r\n  position: relative;\r\n  width: 100px;\r\n  height: 40px;\r\n  margin: 0 2rem;\r\n  color: #dbc9aa;\r\n  line-height: 40px;\r\n  font-size: 2rem;\r\n  text-align: center;\r\n  font-weight: 400;\r\n  padding-top: 5.5rem;\r\n  margin-bottom: 0;\r\n}\r\n.wrap .eye {\r\n  position: absolute;\r\n  margin: auto;\r\n  top: 0;\r\n  bottom: 0;\r\n  background: #fff;\r\n  width: 40px;\r\n  height: 40px;\r\n  border-radius: 50%;\r\n  display: inline-block;\r\n  overflow: hidden;\r\n}\r\n.wrap .eye:before {\r\n  content: \"\";\r\n  position: absolute;\r\n  margin-left: auto;\r\n  width: 10px;\r\n  height: 10px;\r\n  left: 0;\r\n  right: 0;\r\n  bottom: 0;\r\n  background: #141414;\r\n  margin: auto;\r\n}\r\n.wrap .eye.grin:after, .wrap .eye.sad:after {\r\n  content: \"\";\r\n  position: absolute;\r\n  width: calc(100% + 20px);\r\n  height: 0;\r\n  background: #eae0ce;\r\n  left: -10px;\r\n}\r\n.wrap .eye.grin:after {\r\n  bottom: -20px;\r\n}\r\n.wrap .eye:first-child {\r\n  left: 0;\r\n}\r\n.wrap .eye:last-child {\r\n  right: 0;\r\n}\r\n.wrap .eye.grin:before {\r\n  -webkit-animation: grinb 4s cubic-bezier(0.785, 0.135, 0.15, 0.86) infinite;\r\n          animation: grinb 4s cubic-bezier(0.785, 0.135, 0.15, 0.86) infinite;\r\n}\r\n.wrap .eye.grin:after {\r\n  -webkit-animation: grina 4s cubic-bezier(0.785, 0.135, 0.15, 0.86) infinite;\r\n          animation: grina 4s cubic-bezier(0.785, 0.135, 0.15, 0.86) infinite;\r\n}\r\n\r\n@-webkit-keyframes grinb {\r\n  0%, 10% {\r\n    bottom: 0;\r\n  }\r\n  20%, 40% {\r\n    bottom: 50%;\r\n  }\r\n  50%, 100% {\r\n    bottom: 0;\r\n  }\r\n}\r\n\r\n@keyframes grinb {\r\n  0%, 10% {\r\n    bottom: 0;\r\n  }\r\n  20%, 40% {\r\n    bottom: 50%;\r\n  }\r\n  50%, 100% {\r\n    bottom: 0;\r\n  }\r\n}\r\n@-webkit-keyframes grina {\r\n  0%, 10% {\r\n    height: 0;\r\n  }\r\n  20%, 40% {\r\n    height: 100%;\r\n  }\r\n  50%, 100% {\r\n    height: 0;\r\n  }\r\n}\r\n@keyframes grina {\r\n  0%, 10% {\r\n    height: 0;\r\n  }\r\n  20%, 40% {\r\n    height: 100%;\r\n  }\r\n  50%, 100% {\r\n    height: 0;\r\n  }\r\n}\r\n\r\n\r\n/* water*/\r\n\r\n.bubble {\r\n  --bg_front_color:#42a5f5;\r\n  --bg_back_color:#c7eeff;\r\n  width: 100%;\r\n  height: 100%;\r\n  background-color: var(--bg-front-color);\r\n  overflow: hidden;\r\n  transform: translate(0, 0);\r\nborder-radius:var(--rounded);\r\n}\r\n.bubble .water {\r\n  position: absolute;\r\n  left: 0;\r\n  top: 0;\r\n  z-index: 2;\r\n  width: 100%;\r\n  height: 100%;\r\n  -webkit-transform: translate(0, 100%);\r\n  transform: translate(0, 100%);\r\n}\r\n.bubble .water_wave_back {\r\n  width:200%;\r\n  left: 0;\r\n  top:0;\r\n  position:relative;\r\n  fill: var(--bg_back_color);\r\n\r\n  animation: wave-back 0.8s infinite linear;\r\n}\r\n.bubble .water_wave_front {\r\n    margin-top: 8px;\r\n  width:200%;\r\n  left: 0;\r\n  top:0;\r\n  position:absolute;\r\n  fill: var(--bg_front_color);\r\n  animation: wave-front 0.6s infinite linear;\r\n}\r\n\r\n.liquid{\r\n  background:var(--bg_front_color);\r\n  width: 100%;\r\n  height: 100%;\r\n  margin-top:-6px;\r\n}\r\n\r\n\r\n@keyframes wave-front {\r\n  100% {\r\n    transform: translate(-50%, 0);\r\n  }\r\n}\r\n@keyframes wave-back {\r\n  100% {\r\n    transform: translate(-50%, 0);\r\n  }\r\n}',26),(25,'2024-09-25 18:31:45','2024-09-25 18:31:45','html','<div class=\"flex flex-col flex-wrap overflow-x-hidden  justify-center items-center h-screen\">\r\n\r\n  <div class=\"mt-auto btn btn_primary btn_shadow btn_loading\" >\r\n  <div class=\"btn_back\">\r\n    <div class=\"btn_front\">\r\n      <div class=\"btn_loading_wrapp opacity-0\">\r\n        <p class=\"txt_loading\">Loading</p>\r\n        <p class=\"txt_loaded hidden\">succes</p>\r\n      </div>\r\n      <p>Hover</p>\r\n    </div>\r\n  </div> \r\n</div>\r\n<input class=\"mt-auto\" type=\"range\" id=\"button_range\" min=\"0\" max=\"100\" value=\"10\" oninput=\"obtenerValor()\">\r\n<p id=\"valor_actual\">Valor actual: 100</p>\r\n</div>',26),(26,'2024-09-25 18:31:45','2024-09-25 18:31:45','js','var raise=10;\r\nbtn = document.querySelector(\'.btn\');\r\n\r\n  var loading=false;\r\n  var style = btn.style;\r\n  style.setProperty(\'--raise\', raise+\'px\');\r\n  btn.addEventListener(\'mousemove\', event => {\r\n    if(raise>0){\r\n       const width = btn.offsetWidth;\r\n    const height = btn.offsetHeight;\r\n    const rotationDegrees = Math.atan((height * (raise) + raise) / (width )) ;\r\n    const btnWidth = btn.offsetWidth;\r\n    const mouseX = event.clientX - btn.getBoundingClientRect().left;\r\n\r\n    style.setProperty(\'--rotate\', (rotationDegrees));\r\n    style.setProperty(\'--rotate_invers\', (rotationDegrees * -1));\r\n\r\n    this.rotate_Y = -10 * ((mouseX - btnWidth / 2) / (btnWidth / 2));\r\n    if(this.rotate_Y>2){\r\n      btn.classList.remove(\'btn_shadow_default\', \'btn_shadow_left\');\r\n      btn.classList.add(\'btn_shadow_right\');\r\n      btn.querySelector(\'.btn_front\').classList.remove(\'btn_front_default\', \'btn_front_right\');\r\n      btn.querySelector(\'.btn_front\').classList.add(\'btn_front_left\');\r\n    }\r\n    if(this.rotate_Y>-2 && this.rotate_Y<2){\r\n      btn.classList.remove(\'btn_shadow_right\', \'btn_shadow_left\');\r\n      btn.classList.add(\'btn_shadow_default\');\r\n      btn.querySelector(\'.btn_front\').classList.remove(\'btn_front_right\', \'btn_front_left\');\r\n      btn.querySelector(\'.btn_front\').classList.add(\'btn_front_default\');\r\n    }\r\n    if(this.rotate_Y<-2){\r\n      console.log(\'right\');\r\n      btn.classList.remove(\'btn_shadow_right\', \'btn_shadow_default\');\r\n      btn.classList.add(\'btn_shadow_left\');\r\n      btn.querySelector(\'.btn_front\').classList.remove(\'btn_front_default\', \'btn_front_left\');\r\n      btn.querySelector(\'.btn_front\').classList.add(\'btn_front_right\');\r\n    }\r\n   \r\n    }\r\n  });\r\n  btn.addEventListener(\"click\", function() {\r\n    if(!loading){\r\n      //loading=true;\r\n\r\n      console.log(\'eeeeee\')\r\n      const childElement= btn.querySelector(\'.btn_loading_wrapp\');\r\n      childElement.classList.remove(\'opacity-0\');\r\n      childElement.classList.add(\'flex\',\'btn_loading_2\');\r\n      document.querySelector(\'.btn_loading\').style.pointerEvents = \"none\";\r\n      document.querySelector(\'.btn_front\').style.pointerEvents = \"none\";\r\n      //document.querySelector(\'.btn_front\').style.opacity = \"0.8\";\r\n\r\n      document.querySelector(\'.txt_loaded\').classList.add(\'hidden\');\r\n      document.querySelector(\'.txt_loading\').classList.remove(\'hidden\');\r\n\r\n      setTimeout(function() {\r\n        document.querySelector(\'.txt_loaded\').classList.remove(\'hidden\');\r\n        document.querySelector(\'.txt_loading\').classList.add(\'hidden\');\r\n        setTimeout(function() {\r\n          childElement.classList.add(\'opacity-0\');\r\n          childElement.classList.remove(\'flex\',\'btn_loading_2\');\r\n          document.querySelector(\'.btn_loading\').style.pointerEvents = \"auto\";\r\n          document.querySelector(\'.btn_front\').style.pointerEvents = \"auto\";\r\n          //document.querySelector(\'.btn_front\').style.opacity = \"1\";\r\n        }, 1000);\r\n        //loading=false;\r\n      }, 3000);\r\n    }\r\n  });\r\n\r\nfunction obtenerValor() {\r\n  // Obtn el elemento input por su ID\r\n  var rangeInput = document.getElementById(\"button_range\");\r\n\r\n  // Obtn el valor actual del input de rango\r\n  var valor = rangeInput.value;\r\n  var btn = document.querySelector(\".btn\");\r\n    var style = btn.style;\r\n  style.setProperty(\'--raise\', valor+\'px\');\r\n  raise=valor;\r\n  // Actualiza el texto para mostrar el valor actual\r\n  document.getElementById(\"valor_actual\").textContent = \"Valor actual: \" + valor;\r\n}',26),(27,'2024-09-25 18:33:12','2024-09-25 18:33:12','css','.btn{\r\n  --height: 50px;\r\n  height: calc(var(--height) + var(--raise)); \r\n  --raise: 100px;\r\n}\r\n\r\n.btn_shadow:before {\r\n  height: var(--height); \r\n  margin-top: calc((var(--raise)/0.5)); \r\n}\r\n\r\n.btn_back:before{\r\n  height: var(--height); \r\n  margin-top: var(--raise);   \r\n}',33),(28,'2024-09-25 18:34:49','2024-09-25 18:34:49','text_label','Vamos animar la capa shadow y la capa front agregando un par de clases\r\nbtn_front_default y btn_shadow_default\r\n\r\nQue queremos conseguir?\r\n\r\nEl objectivo es simular un boton real que al pasar el cursor se unda un poco y al estar activo se unda del todo, agregamos ha esas clases los eventos hover y active y el comportamiento que hemos especificado usando transform para mover las capas y agregamos el tipo de animacion',34),(29,'2024-09-25 18:34:57','2024-09-25 18:34:57','text_label','El secreto de la masa',36),(30,'2024-09-25 18:37:52','2024-09-25 18:37:52','html','<div class=\"flex flex-col flex-wrap overflow-x-hidden  justify-center items-center h-screen\">\r\n<div class=\"btn btn_primary btn_shadow btn_shadow_default btn_loading\" >\r\n  <div class=\"btn_back\">\r\n    <div class=\"btn_front btn_front_default\">\r\n    \r\n      <p>Hover</p> \r\n    </div> \r\n  </div>\r\n</div>\r\n  <input class=\"mt-auto\" type=\"range\" id=\"button_range\" min=\"0\" max=\"100\" value=\"10\" oninput=\"obtenerValor()\">\r\n<p id=\"valor_actual\">Valor actual: 100</p> \r\n</div>',40),(31,'2024-09-25 18:39:02','2024-09-25 18:39:25','css','/*style for btn*/\r\n.btn{\r\n  --font-body-family:-apple-system,BlinkMacSystemFont,Segoe UI,Roboto,Oxygen,Ubuntu,Cantarell,Fira Sans,Droid Sans,Helvetica Neue,sans-serif;\r\n  --height: 50px;  \r\n  --raise: 100px;\r\n  --rounded: 10px;\r\n  --rotate: 1;\r\n  --rotate_invers: 1 * - 1;\r\n  --border:4px;\r\n  --border_style:solid #004c65 var(--border);\r\n  --bg-front-color: #AAD3EA;\r\n  --bg-shadow-color: #4B4B4B84;\r\n  --bg-back-color: #004c65;\r\n  --font-color: white;\r\n  --font-body-weight:800;\r\n  --width:180px;\r\n  color:var(--font-color);\r\n  font-family:var(--font-body-family);\r\n  height: calc(var(--height) + var(--raise)); \r\n  width:var(--width);\r\n  font-weight:var(--font-body-weight);\r\n}\r\n\r\n.btn_primary{\r\n  --bg-shadow-color: #4B4B4B20;\r\n  --bg-front-color: #338a9d;\r\n  --bg-back-color: #9a453f;\r\n  --border_style:solid #b84a41 var(--border);\r\n  --font-color: #ea893e;\r\n}\r\n\r\n.btn_shadow {\r\n  border: var(--border) solid transparent;\r\n}\r\n.btn_shadow:before {\r\n  content:\" \";\r\n  position:absolute;\r\n  height: var(--height);\r\n  margin-top: calc(var(--raise) + (var(--raise)/1.2)); \r\n  width:var(--width);\r\n  background: var(--bg-shadow-color);\r\n  border-radius: var(--rounded);\r\n  transition:transform 0.2s ease-out;\r\n  border: var(--border) solid transparent;\r\n}\r\n.btn_back:before{\r\n  content:\" \";\r\n  position: absolute;\r\n  height: var(--height);\r\n  margin-top: var(--raise);\r\n  width:var(--width);\r\n  border: var(--border) solid transparent;\r\n  background: var(--bg-back-color);\r\n  border-radius:var(--rounded);\r\n  transition:transform 0.1s ease-out;\r\n} \r\n.btn_front{\r\n  position: absolute;\r\n  height: var(--height);\r\n  width:var(--width);\r\n  background: var(--bg-front-color);\r\n  display: flex;\r\n  align-items: center;\r\n  justify-content: center;\r\n  border-radius:var(--rounded);\r\n  border: var(--border_style);\r\n  transition:transform 0.1s ease-out;\r\n}\r\n\r\n/*on mouse move in button zone add classes*/\r\n.btn_shadow_left:before{\r\n  transition: transform 0.2s ease-out;\r\n  transform:skewY(calc(1deg * var(--rotate_invers)));\r\n}\r\n.btn_shadow_right:before{\r\n  transition:transform 0.2s ease-out;\r\n  transform:skewY(calc(1deg * var(--rotate)));\r\n}\r\n.btn_shadow_default:before{\r\n  transform:skew(0) translateZ(0);\r\n}\r\n.btn_shadow_default:hover:before{\r\n  transform: translateY(calc((var(--raise)/4) * -1 )); \r\n}      \r\n.btn_shadow_default:active:before{ \r\n  transform: translateY(calc((var(--raise)/1.2) * -1 ));\r\n} \r\n.btn_shadow_default:active:before{\r\n  transform: translateY(calc((var(--raise)/1.2) * -1 ));\r\n}\r\n.btn_shadow_left:active:before{\r\n  transform: translateY(calc((var(--raise)/1.2) * -1 ));\r\n}\r\n.btn_shadow_right:active:before{\r\n  transform: translateY(calc((var(--raise)/1.2) * -1 ));\r\n}\r\n/*btn_front events*/\r\n.btn_front_left{\r\n  transform:skewY(calc(1deg * var(--rotate_invers)));\r\n}\r\n.btn_front_right{\r\n  transform:skewY(calc(1deg * var(--rotate)));\r\n  transition:transform 0.2s ease-out;\r\n}\r\n.btn_front_default{\r\n  transform:skew(0) translateZ(0);\r\n  transition:transform 0.2s ease-out;\r\n}\r\n\r\n.btn_front_left:active{\r\n  transform:skewY(0) translateY(var(--raise));\r\n}\r\n.btn_front_right:active{\r\n  transform:skewY(0) translateY(var(--raise));\r\n}\r\n.btn_front_default:hover{\r\n  transform: translateY(calc(var(--raise) * 0.5));\r\n\r\n}\r\n.btn_front_default:active{\r\n  transform:skewY(0) translateY(var(--raise));\r\n} \r\n\r\n\r\n/*loading*/\r\n.btn_loading_wrapp{\r\n  position: absolute;\r\n  height: var(--height);\r\n   width:var(--width);\r\n\r\n  margin-left:calc(var(--border)*-1);/* padding for borders of parent */\r\n  margin-right:calc(var(--border)*-1);/* padding for borders of parent */\r\n  background: var(--bg-back-color);\r\n  display: flex;\r\n  align-items: center;\r\n  justify-content: center;\r\n  border-radius:var(--rounded);\r\n  border: var(--border_style);\r\n  overflow: hidden;\r\n  z-index:1;\r\n}\r\n\r\n.btn_loading_wrapp:before{\r\n  content:\" \";\r\n  position: absolute;\r\n  height: var(--height);\r\n  width: 0;\r\n  left: 0;\r\n  right: 0;\r\n  background: var(--bg-front-color);\r\n  z-index:-1;\r\n}\r\n\r\n.btn_loading_2:before{\r\n  width:100%;\r\n  transition: width 1s ease-in;\r\n}\r\n.opacity-0{\r\n  opacity:0;\r\n}\r\n.hidden{\r\n  display:none;\r\n}\r\n\r\n\r\n\r\n\r\n#valor_actual{ \r\n  font-family:\'Ubuntu\';\r\n  font-weight:700;\r\n}\r\n\r\n/* It is not necessary only for the body*/\r\n.h-screen{\r\n    height:90vh; \r\n}\r\n.mt-auto{\r\n  margin-top:136px; \r\n}\r\n.justify-center {\r\n    justify-content: center;\r\n}\r\n.items-center {\r\n    align-items: center;\r\n}\r\n.flex-wrap {\r\n    flex-wrap: wrap;\r\n}\r\n.flex-col {\r\n    flex-direction: column;\r\n}\r\n.flex{\r\n display : flex;\r\n}',40),(32,'2024-09-25 18:39:55','2024-09-25 18:39:55','js','var raise=10;\r\nbtn = document.querySelector(\'.btn\');\r\n\r\n  var loading=false;\r\n  var style = btn.style;\r\n  style.setProperty(\'--raise\', raise+\'px\');\r\n  btn.addEventListener(\'mousemove\', event => {\r\n    if(raise>0){\r\n    const width = btn.offsetWidth;\r\n    const height = btn.offsetHeight;\r\n    const rotationDegrees = Math.atan((height * (raise) + raise) / (width )) ;\r\n    const btnWidth = btn.offsetWidth;\r\n    const mouseX = event.clientX - btn.getBoundingClientRect().left;\r\n    style.setProperty(\'--rotate\', (rotationDegrees));\r\n    style.setProperty(\'--rotate_invers\', (rotationDegrees * -1));\r\n\r\n    this.rotate_Y = -10 * ((mouseX - btnWidth / 2) / (btnWidth / 2));\r\n    if(this.rotate_Y>2){\r\n      btn.classList.remove(\'btn_shadow_default\', \'btn_shadow_left\');\r\n      btn.classList.add(\'btn_shadow_right\');\r\n      btn.querySelector(\'.btn_front\').classList.remove(\'btn_front_default\', \'btn_front_right\');\r\n      btn.querySelector(\'.btn_front\').classList.add(\'btn_front_left\');\r\n    }\r\n    if(this.rotate_Y>-2 && this.rotate_Y<2){\r\n      btn.classList.remove(\'btn_shadow_right\', \'btn_shadow_left\');\r\n      btn.classList.add(\'btn_shadow_default\');\r\n      btn.querySelector(\'.btn_front\').classList.remove(\'btn_front_right\', \'btn_front_left\');\r\n      btn.querySelector(\'.btn_front\').classList.add(\'btn_front_default\');\r\n    }\r\n    if(this.rotate_Y<-2){\r\n      console.log(\'right\');\r\n      btn.classList.remove(\'btn_shadow_right\', \'btn_shadow_default\');\r\n      btn.classList.add(\'btn_shadow_left\');\r\n      btn.querySelector(\'.btn_front\').classList.remove(\'btn_front_default\', \'btn_front_left\');\r\n      btn.querySelector(\'.btn_front\').classList.add(\'btn_front_right\');\r\n    }\r\n    }\r\n  });\r\n\r\n\r\n\r\nfunction obtenerValor() {\r\n  // Obtn el elemento input por su ID\r\n  var rangeInput = document.getElementById(\"button_range\");\r\n\r\n  // Obtn el valor actual del input de rango\r\n  var valor = rangeInput.value;\r\n  var btn = document.querySelector(\".btn\");\r\n    var style = btn.style;\r\n  style.setProperty(\'--raise\', valor+\'px\');\r\n  raise=valor;\r\n  // Actualiza el texto para mostrar el valor actual\r\n  document.getElementById(\"valor_actual\").textContent = \"Valor actual: \" + valor;\r\n}',40),(33,'2024-09-25 18:41:08','2024-09-25 18:41:08','html','<div class=\"flex flex-col flex-wrap overflow-x-hidden  justify-center items-center h-screen\">\r\n<div class=\"btn btn_primary btn_shadow btn_loading\" >\r\n  <div class=\"btn_back\"> \r\n       <div class=\"btn_front\">\r\n      <div class=\"btn_loading_wrapp opacity-0\">\r\n         \r\n        <p class=\"txt_loading\">Loading</p>\r\n        <p class=\"txt_loaded hidden\">succes</p>\r\n      </div>\r\n      <p>Hover</p>\r\n    </div> \r\n  </div>\r\n</div>\r\n  <input class=\"mt-auto\" type=\"range\" id=\"button_range\" min=\"0\" max=\"100\" value=\"10\" oninput=\"obtenerValor()\">\r\n<p id=\"valor_actual\">Valor actual: 100</p> \r\n</div>',41),(34,'2024-09-25 18:41:08','2024-09-25 18:41:08','css','/*style for btn*/\r\n.btn{\r\n  --font-body-family:-apple-system,BlinkMacSystemFont,Segoe UI,Roboto,Oxygen,Ubuntu,Cantarell,Fira Sans,Droid Sans,Helvetica Neue,sans-serif;\r\n  --height: 50px;  \r\n  --raise: 100px;\r\n  --rounded: 10px;\r\n  --rotate: 1;\r\n  --rotate_invers: 1 * - 1;\r\n  --border:4px;\r\n  --border_style:solid #004c65 var(--border);\r\n  --bg-front-color: #AAD3EA;\r\n  --bg-shadow-color: #4B4B4B84;\r\n  --bg-back-color: #004c65;\r\n  --font-color: white;\r\n  --font-body-weight:800;\r\n  --width:180px;\r\n  color:var(--font-color);\r\n  font-family:var(--font-body-family);\r\n  height: calc(var(--height) + var(--raise)); \r\n  width:var(--width);\r\n  font-weight:var(--font-body-weight);\r\n}\r\n\r\n.btn_primary{\r\n  --bg-shadow-color: #4B4B4B20;\r\n  --bg-front-color: #338a9d;\r\n  --bg-back-color: #9a453f;\r\n  --border_style:solid #b84a41 var(--border);\r\n  --font-color: #ea893e;\r\n}\r\n\r\n.btn_shadow {\r\n  border: var(--border) solid transparent;\r\n}\r\n.btn_shadow:before {\r\n  content:\" \";\r\n  position:absolute;\r\n  height: var(--height);\r\n  margin-top: calc(var(--raise) + (var(--raise)/1.2)); \r\n  width:var(--width);\r\n  background: var(--bg-shadow-color);\r\n  border-radius: var(--rounded);\r\n  transition:transform 0.2s ease-out;\r\n  border: var(--border) solid transparent;\r\n}\r\n.btn_back:before{\r\n  content:\" \";\r\n  position: absolute;\r\n  height: var(--height);\r\n  margin-top: var(--raise);\r\n  width:var(--width);\r\n  border: var(--border) solid transparent;\r\n  background: var(--bg-back-color);\r\n  border-radius:var(--rounded);\r\n  transition:transform 0.1s ease-out;\r\n} \r\n.btn_front{\r\n  position: absolute;\r\n  height: var(--height);\r\n  width:var(--width);\r\n  background: var(--bg-front-color);\r\n  display: flex;\r\n  align-items: center;\r\n  justify-content: center;\r\n  border-radius:var(--rounded);\r\n  border: var(--border_style);\r\n  transition:transform 0.1s ease-out;\r\n}\r\n\r\n/*on mouse move in button zone add classes*/\r\n.btn_shadow_left:before{\r\n  transition: transform 0.2s ease-out;\r\n  transform:skewY(calc(1deg * var(--rotate_invers)));\r\n}\r\n.btn_shadow_right:before{\r\n  transition:transform 0.2s ease-out;\r\n  transform:skewY(calc(1deg * var(--rotate)));\r\n}\r\n.btn_shadow_default:before{\r\n  transform:skew(0) translateZ(0);\r\n}\r\n.btn_shadow_default:hover:before{\r\n  transform: translateY(calc((var(--raise)/4) * -1 )); \r\n}      \r\n.btn_shadow_default:active:before{ \r\n  transform: translateY(calc((var(--raise)/1.2) * -1 ));\r\n} \r\n.btn_shadow_default:active:before{\r\n  transform: translateY(calc((var(--raise)/1.2) * -1 ));\r\n}\r\n.btn_shadow_left:active:before{\r\n  transform: translateY(calc((var(--raise)/1.2) * -1 ));\r\n}\r\n.btn_shadow_right:active:before{\r\n  transform: translateY(calc((var(--raise)/1.2) * -1 ));\r\n}\r\n/*btn_front events*/\r\n.btn_front_left{\r\n  transform:skewY(calc(1deg * var(--rotate_invers)));\r\n}\r\n.btn_front_right{\r\n  transform:skewY(calc(1deg * var(--rotate)));\r\n  transition:transform 0.2s ease-out;\r\n}\r\n.btn_front_default{\r\n  transform:skew(0) translateZ(0);\r\n  transition:transform 0.2s ease-out;\r\n}\r\n\r\n.btn_front_left:active{\r\n  transform:skewY(0) translateY(var(--raise));\r\n}\r\n.btn_front_right:active{\r\n  transform:skewY(0) translateY(var(--raise));\r\n}\r\n.btn_front_default:hover{\r\n  transform: translateY(calc(var(--raise) * 0.5));\r\n\r\n}\r\n.btn_front_default:active{\r\n  transform:skewY(0) translateY(var(--raise));\r\n} \r\n\r\n\r\n/*loading*/\r\n.btn_loading_wrapp{\r\n  position: absolute;\r\n  height: var(--height);\r\n   width:var(--width);\r\n\r\n  margin-left:calc(var(--border)*-1);/* padding for borders of parent */\r\n  margin-right:calc(var(--border)*-1);/* padding for borders of parent */\r\n  background: var(--bg-back-color);\r\n  display: flex;\r\n  align-items: center;\r\n  justify-content: center;\r\n  border-radius:var(--rounded);\r\n  border: var(--border_style);\r\n  overflow: hidden;\r\n  z-index:1;\r\n}\r\n\r\n.btn_loading_wrapp:before{\r\n  content:\" \";\r\n  position: absolute;\r\n  height: var(--height);\r\n  width: 0;\r\n  left: 0;\r\n  right: 0;\r\n  background: var(--bg-front-color);\r\n  z-index:-1;\r\n}\r\n\r\n.btn_loading_2:before{\r\n  width:100%;\r\n  transition: width 1s ease-in;\r\n}\r\n.opacity-0{\r\n  opacity:0;\r\n}\r\n.hidden{\r\n  display:none;\r\n}\r\n\r\n\r\n\r\n\r\n/*waves animation*/\r\n.btn_loading_2 .txt_loading{\r\n  animation: slide-up 0.5s ease-in-out;\r\n    position:absolute\r\n\r\n}\r\n.btn_loading_2 .txt_loaded{\r\n  animation: slide-down 0.5s ease-in-out;\r\n    position:absolute\r\n}\r\n@keyframes slide-down {\r\n  0% {\r\n    transform: translateY(-150%);\r\n    opacity: 0;\r\n  }\r\n  100% {\r\n    transform: translateY(0);\r\n    opacity: 1;\r\n  }\r\n}\r\n@keyframes slide-up {\r\n  0% {\r\n    transform: translateY(150%);\r\n    opacity: 0;\r\n  }\r\n  100% {\r\n    transform: translateY(0);\r\n    opacity: 1;\r\n  }\r\n}\r\n/* water*/\r\n\r\n.bubble { \r\n/*     --bg-front-color: #95D44A; */\r\n/*   --bg-back-color: #52A934; */\r\n  --bg_front_color:#462255;\r\n  --bg_back_color:#602F75;\r\n  width: 100%;\r\n  height: 100%;\r\n  background-color: var(--bg-front-color);\r\n  overflow: hidden;\r\n  transform: translate(0, 0);\r\nborder-radius:var(--rounded);\r\n}\r\n.bubble .water {\r\n  position: absolute;\r\n  left: 0;\r\n  top: 0;\r\n  z-index: 2;\r\n  width: 100%;\r\n  height: 100%;\r\n  -webkit-transform: translate(0, 100%);\r\n  transform: translate(0, 100%); \r\n} \r\n.bubble .water_wave_back {\r\n  width:200%;\r\n  left: 0;\r\n  top:0;\r\n  position:relative;\r\n  fill: var(--bg_back_color);\r\n  \r\n  animation: wave-back 0.8s infinite linear;\r\n}\r\n.bubble .water_wave_front {\r\n    margin-top: 8px;\r\n  width:200%;\r\n  left: 0;\r\n  top:0;\r\n  position:absolute;\r\n  fill: var(--bg_front_color);\r\n  animation: wave-front 0.6s infinite linear;\r\n}\r\n\r\n.liquid{\r\n  background:var(--bg_front_color);\r\n  width: 100%;\r\n  height: 120%;\r\n  margin-top:-6px;\r\n  \r\n}\r\n\r\n\r\n@keyframes wave-front {\r\n  100% {\r\n    transform: translate(-50%, 0);\r\n  }\r\n}\r\n@keyframes wave-back {\r\n  100% {\r\n    transform: translate(-50%, 0);\r\n  }\r\n} \r\n\r\n\r\n\r\n#valor_actual{ \r\n  font-family:\'Ubuntu\';\r\n  font-weight:700;\r\n}\r\n\r\n/* It is not necessary only for the body*/\r\n.h-screen{\r\n    height:90vh; \r\n}\r\n.mt-auto{\r\n  margin-top:136px; \r\n}\r\n.justify-center {\r\n    justify-content: center;\r\n}\r\n.items-center {\r\n    align-items: center;\r\n}\r\n.flex-wrap {\r\n    flex-wrap: wrap;\r\n}\r\n.flex-col {\r\n    flex-direction: column;\r\n}\r\n.flex{\r\n display : flex;\r\n}',41),(35,'2024-09-25 18:41:08','2024-09-25 18:41:08','js','var raise=10;\r\nbtn = document.querySelector(\'.btn\');\r\n\r\n  var loading=false;\r\n  var style = btn.style;\r\n  style.setProperty(\'--raise\', raise+\'px\');\r\n  btn.addEventListener(\'mousemove\', event => {\r\n    if(raise>0){\r\n    const width = btn.offsetWidth;\r\n    const height = btn.offsetHeight;\r\n    const rotationDegrees = Math.atan((height * (raise) + raise) / (width )) ;\r\n    const btnWidth = btn.offsetWidth;\r\n    const mouseX = event.clientX - btn.getBoundingClientRect().left;\r\n    style.setProperty(\'--rotate\', (rotationDegrees));\r\n    style.setProperty(\'--rotate_invers\', (rotationDegrees * -1));\r\n\r\n    this.rotate_Y = -10 * ((mouseX - btnWidth / 2) / (btnWidth / 2));\r\n    if(this.rotate_Y>2){\r\n      btn.classList.remove(\'btn_shadow_default\', \'btn_shadow_left\');\r\n      btn.classList.add(\'btn_shadow_right\');\r\n      btn.querySelector(\'.btn_front\').classList.remove(\'btn_front_default\', \'btn_front_right\');\r\n      btn.querySelector(\'.btn_front\').classList.add(\'btn_front_left\');\r\n    }\r\n    if(this.rotate_Y>-2 && this.rotate_Y<2){\r\n      btn.classList.remove(\'btn_shadow_right\', \'btn_shadow_left\');\r\n      btn.classList.add(\'btn_shadow_default\');\r\n      btn.querySelector(\'.btn_front\').classList.remove(\'btn_front_right\', \'btn_front_left\');\r\n      btn.querySelector(\'.btn_front\').classList.add(\'btn_front_default\');\r\n    }\r\n    if(this.rotate_Y<-2){\r\n      console.log(\'right\');\r\n      btn.classList.remove(\'btn_shadow_right\', \'btn_shadow_default\');\r\n      btn.classList.add(\'btn_shadow_left\');\r\n      btn.querySelector(\'.btn_front\').classList.remove(\'btn_front_default\', \'btn_front_left\');\r\n      btn.querySelector(\'.btn_front\').classList.add(\'btn_front_right\');\r\n    }\r\n   \r\n    }\r\n  });\r\n  \r\n\r\n    btn.addEventListener(\"click\", function() {\r\n    if(!loading){\r\n    const childElement= btn.querySelector(\'.btn_loading_wrapp\');\r\n    childElement.classList.remove(\'opacity-0\');\r\n    childElement.classList.add(\'flex\',\'btn_loading_2\');\r\n    document.querySelector(\'.btn_loading\').style.pointerEvents = \"none\";\r\n    document.querySelector(\'.btn_front\').style.pointerEvents = \"none\";\r\n    document.querySelector(\'.txt_loaded\').classList.add(\'hidden\');\r\n    document.querySelector(\'.txt_loading\').classList.remove(\'hidden\');\r\n    \r\n    setTimeout(function() {\r\n        document.querySelector(\'.txt_loaded\').classList.remove(\'hidden\');\r\n    document.querySelector(\'.txt_loading\').classList.add(\'hidden\');\r\n          setTimeout(function() {\r\n     childElement.classList.add(\'opacity-0\');\r\n    childElement.classList.remove(\'flex\',\'btn_loading_2\');\r\n    document.querySelector(\'.btn_loading\').style.pointerEvents = \"auto\";\r\n    document.querySelector(\'.btn_front\').style.pointerEvents = \"auto\";\r\n    //document.querySelector(\'.btn_front\').style.opacity = \"1\";\r\n    }, 1000);\r\n    }, 3000);\r\n    }\r\n  });\r\n\r\n\r\n\r\nfunction obtenerValor() {\r\n  // Obtn el elemento input por su ID\r\n  var rangeInput = document.getElementById(\"button_range\");\r\n\r\n  // Obtn el valor actual del input de rango\r\n  var valor = rangeInput.value;\r\n  var btn = document.querySelector(\".btn\");\r\n    var style = btn.style;\r\n  style.setProperty(\'--raise\', valor+\'px\');\r\n  raise=valor;\r\n  // Actualiza el texto para mostrar el valor actual\r\n  document.getElementById(\"valor_actual\").textContent = \"Valor actual: \" + valor;\r\n}',41),(36,'2024-09-25 18:41:45','2024-09-25 18:41:45','html','<div class=\"flex flex-col flex-wrap overflow-x-hidden  justify-center items-center h-screen\">\r\n<div class=\"btn btn_primary btn_shadow btn_loading\" >\r\n  <div class=\"btn_back\"> \r\n       <div class=\"btn_front\">\r\n      <div class=\"btn_loading_wrapp opacity-0\">\r\n         \r\n        <p class=\"txt_loading\">Loading</p>\r\n        <p class=\"txt_loaded hidden\">succes</p>\r\n      </div>\r\n      <p>Hover</p>\r\n    </div> \r\n  </div>\r\n</div>\r\n  <input class=\"mt-auto\" type=\"range\" id=\"button_range\" min=\"0\" max=\"100\" value=\"10\" oninput=\"obtenerValor()\">\r\n<p id=\"valor_actual\">Valor actual: 100</p> \r\n</div>',42),(37,'2024-09-25 18:41:45','2024-09-25 18:41:45','css','/*style for btn*/\r\n.btn{\r\n  --font-body-family:-apple-system,BlinkMacSystemFont,Segoe UI,Roboto,Oxygen,Ubuntu,Cantarell,Fira Sans,Droid Sans,Helvetica Neue,sans-serif;\r\n  --height: 50px;  \r\n  --raise: 100px;\r\n  --rounded: 10px;\r\n  --rotate: 1;\r\n  --rotate_invers: 1 * - 1;\r\n  --border:4px;\r\n  --border_style:solid #004c65 var(--border);\r\n  --bg-front-color: #AAD3EA;\r\n  --bg-shadow-color: #4B4B4B84;\r\n  --bg-back-color: #004c65;\r\n  --font-color: white;\r\n  --font-body-weight:800;\r\n  --width:180px;\r\n  color:var(--font-color);\r\n  font-family:var(--font-body-family);\r\n  height: calc(var(--height) + var(--raise)); \r\n  width:var(--width);\r\n  font-weight:var(--font-body-weight);\r\n}\r\n\r\n.btn_primary{\r\n  --bg-shadow-color: #4B4B4B20;\r\n  --bg-front-color: #338a9d;\r\n  --bg-back-color: #9a453f;\r\n  --border_style:solid #b84a41 var(--border);\r\n  --font-color: #ea893e;\r\n}\r\n\r\n.btn_shadow {\r\n  border: var(--border) solid transparent;\r\n}\r\n.btn_shadow:before {\r\n  content:\" \";\r\n  position:absolute;\r\n  height: var(--height);\r\n  margin-top: calc(var(--raise) + (var(--raise)/1.2)); \r\n  width:var(--width);\r\n  background: var(--bg-shadow-color);\r\n  border-radius: var(--rounded);\r\n  transition:transform 0.2s ease-out;\r\n  border: var(--border) solid transparent;\r\n}\r\n.btn_back:before{\r\n  content:\" \";\r\n  position: absolute;\r\n  height: var(--height);\r\n  margin-top: var(--raise);\r\n  width:var(--width);\r\n  border: var(--border) solid transparent;\r\n  background: var(--bg-back-color);\r\n  border-radius:var(--rounded);\r\n  transition:transform 0.1s ease-out;\r\n} \r\n.btn_front{\r\n  position: absolute;\r\n  height: var(--height);\r\n  width:var(--width);\r\n  background: var(--bg-front-color);\r\n  display: flex;\r\n  align-items: center;\r\n  justify-content: center;\r\n  border-radius:var(--rounded);\r\n  border: var(--border_style);\r\n  transition:transform 0.1s ease-out;\r\n}\r\n\r\n/*on mouse move in button zone add classes*/\r\n.btn_shadow_left:before{\r\n  transition: transform 0.2s ease-out;\r\n  transform:skewY(calc(1deg * var(--rotate_invers)));\r\n}\r\n.btn_shadow_right:before{\r\n  transition:transform 0.2s ease-out;\r\n  transform:skewY(calc(1deg * var(--rotate)));\r\n}\r\n.btn_shadow_default:before{\r\n  transform:skew(0) translateZ(0);\r\n}\r\n.btn_shadow_default:hover:before{\r\n  transform: translateY(calc((var(--raise)/4) * -1 )); \r\n}      \r\n.btn_shadow_default:active:before{ \r\n  transform: translateY(calc((var(--raise)/1.2) * -1 ));\r\n} \r\n.btn_shadow_default:active:before{\r\n  transform: translateY(calc((var(--raise)/1.2) * -1 ));\r\n}\r\n.btn_shadow_left:active:before{\r\n  transform: translateY(calc((var(--raise)/1.2) * -1 ));\r\n}\r\n.btn_shadow_right:active:before{\r\n  transform: translateY(calc((var(--raise)/1.2) * -1 ));\r\n}\r\n/*btn_front events*/\r\n.btn_front_left{\r\n  transform:skewY(calc(1deg * var(--rotate_invers)));\r\n}\r\n.btn_front_right{\r\n  transform:skewY(calc(1deg * var(--rotate)));\r\n  transition:transform 0.2s ease-out;\r\n}\r\n.btn_front_default{\r\n  transform:skew(0) translateZ(0);\r\n  transition:transform 0.2s ease-out;\r\n}\r\n\r\n.btn_front_left:active{\r\n  transform:skewY(0) translateY(var(--raise));\r\n}\r\n.btn_front_right:active{\r\n  transform:skewY(0) translateY(var(--raise));\r\n}\r\n.btn_front_default:hover{\r\n  transform: translateY(calc(var(--raise) * 0.5));\r\n\r\n}\r\n.btn_front_default:active{\r\n  transform:skewY(0) translateY(var(--raise));\r\n} \r\n\r\n\r\n/*loading*/\r\n.btn_loading_wrapp{\r\n  position: absolute;\r\n  height: var(--height);\r\n   width:var(--width);\r\n\r\n  margin-left:calc(var(--border)*-1);/* padding for borders of parent */\r\n  margin-right:calc(var(--border)*-1);/* padding for borders of parent */\r\n  background: var(--bg-back-color);\r\n  display: flex;\r\n  align-items: center;\r\n  justify-content: center;\r\n  border-radius:var(--rounded);\r\n  border: var(--border_style);\r\n  overflow: hidden;\r\n  z-index:1;\r\n}\r\n\r\n.btn_loading_wrapp:before{\r\n  content:\" \";\r\n  position: absolute;\r\n  height: var(--height);\r\n  width: 0;\r\n  left: 0;\r\n  right: 0;\r\n  background: var(--bg-front-color);\r\n  z-index:-1;\r\n}\r\n\r\n.btn_loading_2:before{\r\n  width:100%;\r\n  transition: width 1s ease-in;\r\n}\r\n.opacity-0{\r\n  opacity:0;\r\n}\r\n.hidden{\r\n  display:none;\r\n}\r\n\r\n\r\n\r\n\r\n/*waves animation*/\r\n.btn_loading_2 .txt_loading{\r\n  animation: slide-up 0.5s ease-in-out;\r\n    position:absolute\r\n\r\n}\r\n.btn_loading_2 .txt_loaded{\r\n  animation: slide-down 0.5s ease-in-out;\r\n    position:absolute\r\n}\r\n@keyframes slide-down {\r\n  0% {\r\n    transform: translateY(-150%);\r\n    opacity: 0;\r\n  }\r\n  100% {\r\n    transform: translateY(0);\r\n    opacity: 1;\r\n  }\r\n}\r\n@keyframes slide-up {\r\n  0% {\r\n    transform: translateY(150%);\r\n    opacity: 0;\r\n  }\r\n  100% {\r\n    transform: translateY(0);\r\n    opacity: 1;\r\n  }\r\n}\r\n/* water*/\r\n\r\n.bubble { \r\n/*     --bg-front-color: #95D44A; */\r\n/*   --bg-back-color: #52A934; */\r\n  --bg_front_color:#462255;\r\n  --bg_back_color:#602F75;\r\n  width: 100%;\r\n  height: 100%;\r\n  background-color: var(--bg-front-color);\r\n  overflow: hidden;\r\n  transform: translate(0, 0);\r\nborder-radius:var(--rounded);\r\n}\r\n.bubble .water {\r\n  position: absolute;\r\n  left: 0;\r\n  top: 0;\r\n  z-index: 2;\r\n  width: 100%;\r\n  height: 100%;\r\n  -webkit-transform: translate(0, 100%);\r\n  transform: translate(0, 100%); \r\n} \r\n.bubble .water_wave_back {\r\n  width:200%;\r\n  left: 0;\r\n  top:0;\r\n  position:relative;\r\n  fill: var(--bg_back_color);\r\n  \r\n  animation: wave-back 0.8s infinite linear;\r\n}\r\n.bubble .water_wave_front {\r\n    margin-top: 8px;\r\n  width:200%;\r\n  left: 0;\r\n  top:0;\r\n  position:absolute;\r\n  fill: var(--bg_front_color);\r\n  animation: wave-front 0.6s infinite linear;\r\n}\r\n\r\n.liquid{\r\n  background:var(--bg_front_color);\r\n  width: 100%;\r\n  height: 120%;\r\n  margin-top:-6px;\r\n  \r\n}\r\n\r\n\r\n@keyframes wave-front {\r\n  100% {\r\n    transform: translate(-50%, 0);\r\n  }\r\n}\r\n@keyframes wave-back {\r\n  100% {\r\n    transform: translate(-50%, 0);\r\n  }\r\n} \r\n\r\n\r\n\r\n#valor_actual{ \r\n  font-family:\'Ubuntu\';\r\n  font-weight:700;\r\n}\r\n\r\n/* It is not necessary only for the body*/\r\n.h-screen{\r\n    height:90vh; \r\n}\r\n.mt-auto{\r\n  margin-top:136px; \r\n}\r\n.justify-center {\r\n    justify-content: center;\r\n}\r\n.items-center {\r\n    align-items: center;\r\n}\r\n.flex-wrap {\r\n    flex-wrap: wrap;\r\n}\r\n.flex-col {\r\n    flex-direction: column;\r\n}\r\n.flex{\r\n display : flex;\r\n}',42),(38,'2024-09-25 18:41:45','2024-09-25 18:41:45','js','var raise=10;\r\nbtn = document.querySelector(\'.btn\');\r\n\r\n  var loading=false;\r\n  var style = btn.style;\r\n  style.setProperty(\'--raise\', raise+\'px\');\r\n  btn.addEventListener(\'mousemove\', event => {\r\n    if(raise>0){\r\n    const width = btn.offsetWidth;\r\n    const height = btn.offsetHeight;\r\n    const rotationDegrees = Math.atan((height * (raise) + raise) / (width )) ;\r\n    const btnWidth = btn.offsetWidth;\r\n    const mouseX = event.clientX - btn.getBoundingClientRect().left;\r\n    style.setProperty(\'--rotate\', (rotationDegrees));\r\n    style.setProperty(\'--rotate_invers\', (rotationDegrees * -1));\r\n\r\n    this.rotate_Y = -10 * ((mouseX - btnWidth / 2) / (btnWidth / 2));\r\n    if(this.rotate_Y>2){\r\n      btn.classList.remove(\'btn_shadow_default\', \'btn_shadow_left\');\r\n      btn.classList.add(\'btn_shadow_right\');\r\n      btn.querySelector(\'.btn_front\').classList.remove(\'btn_front_default\', \'btn_front_right\');\r\n      btn.querySelector(\'.btn_front\').classList.add(\'btn_front_left\');\r\n    }\r\n    if(this.rotate_Y>-2 && this.rotate_Y<2){\r\n      btn.classList.remove(\'btn_shadow_right\', \'btn_shadow_left\');\r\n      btn.classList.add(\'btn_shadow_default\');\r\n      btn.querySelector(\'.btn_front\').classList.remove(\'btn_front_right\', \'btn_front_left\');\r\n      btn.querySelector(\'.btn_front\').classList.add(\'btn_front_default\');\r\n    }\r\n    if(this.rotate_Y<-2){\r\n      console.log(\'right\');\r\n      btn.classList.remove(\'btn_shadow_right\', \'btn_shadow_default\');\r\n      btn.classList.add(\'btn_shadow_left\');\r\n      btn.querySelector(\'.btn_front\').classList.remove(\'btn_front_default\', \'btn_front_left\');\r\n      btn.querySelector(\'.btn_front\').classList.add(\'btn_front_right\');\r\n    }\r\n   \r\n    }\r\n  });\r\n  \r\n\r\n    btn.addEventListener(\"click\", function() {\r\n    if(!loading){\r\n    const childElement= btn.querySelector(\'.btn_loading_wrapp\');\r\n    childElement.classList.remove(\'opacity-0\');\r\n    childElement.classList.add(\'flex\',\'btn_loading_2\');\r\n    document.querySelector(\'.btn_loading\').style.pointerEvents = \"none\";\r\n    document.querySelector(\'.btn_front\').style.pointerEvents = \"none\";\r\n    document.querySelector(\'.txt_loaded\').classList.add(\'hidden\');\r\n    document.querySelector(\'.txt_loading\').classList.remove(\'hidden\');\r\n    \r\n    setTimeout(function() {\r\n        document.querySelector(\'.txt_loaded\').classList.remove(\'hidden\');\r\n    document.querySelector(\'.txt_loading\').classList.add(\'hidden\');\r\n          setTimeout(function() {\r\n     childElement.classList.add(\'opacity-0\');\r\n    childElement.classList.remove(\'flex\',\'btn_loading_2\');\r\n    document.querySelector(\'.btn_loading\').style.pointerEvents = \"auto\";\r\n    document.querySelector(\'.btn_front\').style.pointerEvents = \"auto\";\r\n    //document.querySelector(\'.btn_front\').style.opacity = \"1\";\r\n    }, 1000);\r\n    }, 3000);\r\n    }\r\n  });\r\n\r\n\r\n\r\nfunction obtenerValor() {\r\n  // Obtn el elemento input por su ID\r\n  var rangeInput = document.getElementById(\"button_range\");\r\n\r\n  // Obtn el valor actual del input de rango\r\n  var valor = rangeInput.value;\r\n  var btn = document.querySelector(\".btn\");\r\n    var style = btn.style;\r\n  style.setProperty(\'--raise\', valor+\'px\');\r\n  raise=valor;\r\n  // Actualiza el texto para mostrar el valor actual\r\n  document.getElementById(\"valor_actual\").textContent = \"Valor actual: \" + valor;\r\n}',42),(46,'2024-09-26 18:03:16','2024-09-26 18:07:00','styles','flex w-10',70),(47,'2024-09-26 18:03:37','2024-09-26 18:03:37','url','https://picsum.photos/200',72),(54,'2024-09-26 18:07:48','2024-09-26 18:09:03','styles','flex w-full gap-4 items-center',62),(55,'2024-09-26 18:08:33','2024-09-26 18:08:55','styles','flex w-full justify-end gap-4 items-center',64),(57,'2024-09-26 18:12:29','2024-09-26 18:12:29','text_label','Producto',66),(58,'2024-09-26 18:12:36','2024-09-26 18:12:36','text_label','Producto',67),(59,'2024-09-26 18:12:40','2024-09-26 18:12:40','text_label','Producto',68),(60,'2024-09-26 18:12:44','2024-09-26 18:12:44','text_label','Producto',69),(61,'2024-09-26 18:12:57','2024-09-26 18:12:57','text_label','Conectar',109),(62,'2024-09-26 18:13:02','2024-09-26 18:13:02','text_label','test',110),(63,'2024-09-26 18:20:53','2024-09-26 18:20:53','styles','flex w-full gap-4 items-center',114),(64,'2024-09-26 18:20:53','2024-09-26 18:20:53','styles','flex w-10',115),(65,'2024-09-26 18:20:53','2024-09-26 18:20:53','url','https://picsum.photos/200',117),(66,'2024-09-26 18:20:53','2024-09-26 18:20:53','text_label','Producto',118),(67,'2024-09-26 18:20:53','2024-09-26 18:20:53','text_label','Producto',119),(68,'2024-09-26 18:20:53','2024-09-26 18:20:53','text_label','Producto',120),(69,'2024-09-26 18:20:53','2024-09-26 18:20:53','text_label','Producto',121),(70,'2024-09-26 18:20:53','2024-09-26 18:20:53','styles','flex w-full justify-end gap-4 items-center',123),(71,'2024-09-26 18:20:53','2024-09-26 18:20:53','text_label','Conectar',124),(72,'2024-09-26 18:20:53','2024-09-26 18:20:53','text_label','test',125),(90,'2024-09-26 20:38:23','2024-09-26 20:38:23','styles','w-[100px] relative m-0  rounded-none bg-transparent  shadow-none',126),(93,'2024-09-26 20:47:06','2024-09-26 20:47:06','styles','flex w-full',116),(95,'2024-09-26 20:47:49','2024-09-26 20:47:49','styles','flex w-full',113),(96,'2024-09-26 20:48:37','2024-09-26 20:48:37','styles','flex w-full',122),(108,'2024-09-26 23:41:25','2024-09-26 23:41:25','url','https://a.slack-edge.com/2951054/marketing/img/homepage/e2e-prospects/animations/static/hero-product-ui.es-ES.jpg',166),(112,'2024-09-26 23:48:33','2024-09-26 23:48:33','text_label','Pensado para las personas',173),(113,'2024-09-26 23:48:42','2024-09-26 23:48:42','text_label','Creado para la productividad',174),(114,'2024-09-26 23:49:03','2024-09-26 23:49:03','styles','text-amber-400 text-5xl',174),(115,'2024-09-26 23:49:21','2024-09-26 23:49:21','styles','text-neutral-100 text-5xl',173),(116,'2024-09-26 23:49:56','2024-09-26 23:49:56','text_label','Conecta con las personas adecuadas, encuentra lo que necesitas y automatiza todo lo dems. As es como se trabaja en Slack, tu plataforma de productividad.',164),(117,'2024-09-26 23:50:08','2024-09-26 23:50:08','styles','text-white text-xl font-normal',164),(121,'2024-09-27 00:50:46','2024-09-27 00:50:46','styles','flex bg-blue-400 px-4 py-4 rounded w-full justify-center',184),(122,'2024-09-27 00:52:49','2024-09-27 00:52:49','styles','flex-none w-full max-w-xl flex flex-col justify-start items-center gap-4 p-2',188),(123,'2024-09-27 00:52:49','2024-09-27 00:52:49','text_label','Pensado para las personas',189),(124,'2024-09-27 00:52:49','2024-09-27 00:52:49','styles','text-neutral-100 text-5xl',189),(125,'2024-09-27 00:52:49','2024-09-27 00:52:49','text_label','Creado para la productividad',190),(126,'2024-09-27 00:52:49','2024-09-27 00:52:49','styles','text-amber-400 text-5xl',190),(127,'2024-09-27 00:52:49','2024-09-27 00:52:49','text_label','Conecta con las personas adecuadas, encuentra lo que necesitas y automatiza todo lo dems. As es como se trabaja en Slack, tu plataforma de productividad.',191),(128,'2024-09-27 00:52:49','2024-09-27 00:52:49','styles','text-white text-xl font-normal',191),(129,'2024-09-27 00:52:49','2024-09-27 00:52:49','styles','flex bg-blue-400 px-4 py-4 rounded w-full justify-center',194),(130,'2024-09-27 00:52:49','2024-09-27 00:52:49','styles','flex-none w-full max-w-xl flex justify-center items-center',196),(131,'2024-09-27 00:52:49','2024-09-27 00:52:49','url','https://a.slack-edge.com/2951054/marketing/img/homepage/e2e-prospects/animations/static/hero-product-ui.es-ES.jpg',197),(134,'2024-10-16 23:44:15','2024-10-16 23:48:37','styles','max-w-7xl flex flex-col items-start w-full  mx-auto gap-10 w-full py-16',199),(135,'2024-10-16 23:47:10','2024-10-16 23:47:10','text_label','Building a Magical 3D Button',200),(136,'2024-10-16 23:47:18','2024-10-16 23:47:18','text_label','Bet you can\'t click just once!',201),(138,'2024-10-17 00:00:41','2024-10-17 00:16:35','styles','max-w-7xl flex flex-col items-start w-full  mx-auto gap-10 w-full py-16 px-4',203),(139,'2024-10-17 00:00:41','2024-10-17 00:02:43','text_label','Cmo Centrar un <div> en CSS: Tcnicas Esenciales para Desarrolladores Web',204),(140,'2024-10-17 00:00:41','2024-10-17 00:14:58','text_label','La Importancia del Centrado en Diseo Web',205),(142,'2024-10-17 00:00:41','2024-10-17 00:00:41','text_label','I had a neat realization recently: Buttons are the killer feature of the web.  Every significant thing we do online, from ordering food to scheduling an appointment to playing a video, involves pressing a button. Buttons (and the forms they submit) make the web dynamic and interactive and powerful.  But so many of those buttons are lackluster. They can trigger enormous changes in the real world, but they don\'t feel tangible at all. The feel like dull everyday pixels.  In this tutorial, we\'ll build a whimsical 3D button:',207),(143,'2024-10-17 00:00:41','2024-10-17 00:00:41','styles','w-[300px] p-4 relative m-0  rounded-none bg-transparent  shadow-none mx-auto',208),(144,'2024-10-17 00:00:41','2024-10-17 00:00:41','styles','w-full p-4 rounded-md bg-bgSeco border-l-4 border-primary',209),(145,'2024-10-17 00:00:41','2024-10-17 00:00:41','text_label','Intended audience',210),(146,'2024-10-17 00:00:41','2024-10-17 00:00:41','styles','text-textSecondary mb-2 leading-relaxed font-semibold',210),(147,'2024-10-17 00:00:41','2024-10-17 00:00:41','text_label','This is an intermediate-level tutorial for front-end developers. It\'s focused on HTML/CSS, no JavaScript knowledge required.  If you\'re relatively new to CSS transitions, I\'d recommend reading An Interactive Guide to CSS Transitions first.  Link to this heading',211),(148,'2024-10-17 00:00:41','2024-10-17 00:00:41','text_label','Our strategy',212),(149,'2024-10-17 00:00:41','2024-10-17 00:00:41','styles','font-semibold text-xl md:text-2xl xl:text-3xl  text-textPrimary',212),(150,'2024-10-17 00:00:41','2024-10-17 00:00:41','text_label','There\'s one main trick we\'ll use a couple times in this tutorial to create the illusion of a 3D button.',213),(151,'2024-10-17 00:00:41','2024-10-17 00:00:41','css','.h-screen{\r\n    height:90vh; \r\n}\r\n.mt-auto{\r\n  margin-top:auto;\r\n}\r\n.justify-center {\r\n    justify-content: center;\r\n}\r\n.items-center {\r\n    align-items: center;\r\n}\r\n.flex-wrap {\r\n    flex-wrap: wrap; \r\n}\r\n.flex-col {\r\n    flex-direction: column;\r\n}\r\n.flex{\r\n display : flex;\r\n}\r\n\r\n\r\n.btn{\r\n  --font-body-family:-apple-system,BlinkMacSystemFont,Segoe UI,Roboto,Oxygen,Ubuntu,Cantarell,Fira Sans,Droid Sans,Helvetica Neue,sans-serif;\r\n  --height: 50px;\r\n  --raise: 100px;\r\n  --rounded: 10px;\r\n  --rotate: 1;\r\n  --rotate_invers: 1 * - 1;\r\n  --border:4px;\r\n  --border_style:solid #004c65 var(--border);\r\n  --bg-front-color: #AAD3EA;\r\n  --bg-shadow-color: #4B4B4B84;\r\n  --bg-back-color: #004c65;\r\n  --font-color: white;\r\n  --font-body-weight:800;\r\n  --width:180px;\r\n/*     transform:   translate3d(-10px, 0px, 0px) rotateX(20deg) rotateY(-45deg); */\r\n\r\n}\r\n#valor_actual{\r\n  font-family:\'Ubuntu\';\r\n  font-weight:700;\r\n}\r\n.btn_primary{\r\n  --bg-shadow-color: #4B4B4B20;\r\n  --bg-front-color: #338a9d;\r\n  --bg-back-color: #9a453f;\r\n  --border_style:solid #b84a41 var(--border);\r\n  --font-color: #ea893e;\r\n}\r\n.btn_secondary{\r\n  --bg-shadow-color: #4B4B4B84;\r\n  --bg-front-color: #fffbb5;/*#fffbb5;*/\r\n  --bg-back-color: #4e6a6b;\r\n  --border_style:solid #5c8486 var(--border);\r\n  --font-color: #20201e;\r\n}\r\n.btn_anchor{\r\n  --bg-shadow-color: #4B4B4B84;\r\n  --bg-front-color: #ececec;\r\n  --bg-back-color: #313131;\r\n  --border_style:solid #404040 var(--border);\r\n  --font-color: #7f4997;\r\n}\r\n.btn_danger{\r\n  --bg-shadow-color: #4B4B4B84;\r\n  --bg-front-color: #8B3357;\r\n  --bg-back-color: #afca92;\r\n  --border_style:solid #d2f3af var(--border);\r\n  --font-color: #fff;\r\n}\r\n.btn_disabled{\r\n  --bg-shadow-color: #4B4B4B84;\r\n  --bg-front-color: #f16c5d;\r\n  --bg-back-color: #7da7ac;\r\n  --border_style:solid #9dd6dd var(--border);\r\n  --font-color: #ececec;\r\n}\r\n.btn p{\r\n  font-weight:var(--font-body-weight);\r\n}\r\n.btn_shadow {\r\n  height: calc(var(--height) + var(--raise));\r\n  font-family:var(--font-body-family);\r\n  width:var(--width);\r\n  color:var(--font-color);\r\n  border: var(--border) solid transparent;\r\n}\r\n.btn_shadow:before {\r\n  content:\" \";\r\n  position:absolute;\r\n  height: var(--height);\r\n  margin-top: calc(var(--raise) + (var(--raise)/1.2)); \r\n  width:var(--width);\r\n  background: var(--bg-shadow-color);\r\n  border-radius: var(--rounded);\r\n  transition:transform 0.2s ease-out;\r\n  border: var(--border) solid transparent;\r\n}\r\n.btn_shadow .btn_back:before{\r\n  content:\" \";\r\n  position: absolute;\r\n  height: var(--height);\r\n  margin-top: var(--raise);\r\n  \r\n  width:var(--width);\r\n  border: var(--border) solid transparent;\r\n  background: var(--bg-back-color);\r\n  border-radius:var(--rounded);\r\n  transition:transform 0.1s ease-out;\r\n} \r\n.btn_shadow .btn_front{\r\n  position: absolute;\r\n  height: var(--height);\r\n  width:var(--width);\r\n\r\n  background: var(--bg-front-color);\r\n  display: flex;\r\n  align-items: center;\r\n  justify-content: center;\r\n  border-radius:var(--rounded);\r\n  border: var(--border_style);\r\n  transition:transform 0.1s ease-out;\r\n}\r\n\r\n.btn_shadow_left:before{\r\n  transition: transform 0.2s ease-out;\r\n  transform:skewY(calc(1deg * var(--rotate_invers)));\r\n}\r\n.btn_shadow_right:before{\r\n  transition:transform 0.2s ease-out;\r\n  transform:skewY(calc(1deg * var(--rotate)));\r\n}\r\n.btn_shadow_default:before{\r\n  transform:skew(0) translateZ(0);\r\n}\r\n\r\n.btn_shadow_default:hover:before{\r\n  transform: translateY(-5px);\r\n}\r\n.btn_shadow_default:active:before{\r\n  transform: translateY(calc((var(--raise)/1.2) * -1 ));\r\n}\r\n.btn_shadow_left:active:before{\r\n  transform: translateY(calc((var(--raise)/1.2) * -1 ));\r\n}\r\n.btn_shadow_right:active:before{\r\n  transform: translateY(calc((var(--raise)/1.2) * -1 ));\r\n}\r\n/*btn_front events*/\r\n.btn_front_left{\r\n  transform:skewY(calc(1deg * var(--rotate_invers)));\r\n}\r\n.btn_front_right{\r\n  transform:skewY(calc(1deg * var(--rotate)));\r\n  transition:transform 0.2s ease-out;\r\n}\r\n.btn_front_default{\r\n  transform:skew(0) translateZ(0);\r\n  transition:transform 0.2s ease-out;\r\n}\r\n\r\n.btn_front_left:active{\r\n  transform:skewY(0) translateY(var(--raise));\r\n}\r\n.btn_front_right:active{\r\n  transform:skewY(0) translateY(var(--raise));\r\n}\r\n.btn_front_default:hover{\r\n  transform: translateY(calc(var(--raise) * 0.5));\r\n\r\n}\r\n.btn_front_default:active{\r\n  transform:skewY(0) translateY(var(--raise));\r\n}\r\n\r\n/*loading*/\r\n.btn_loading_wrapp{\r\n  position: absolute;\r\n  height: var(--height);\r\n   width:var(--width);\r\n\r\n  margin-left:calc(var(--border)*-1);/* padding for borders of parent */\r\n  margin-right:calc(var(--border)*-1);/* padding for borders of parent */\r\n  background: var(--bg-back-color);\r\n  display: flex;\r\n  align-items: center;\r\n  justify-content: center;\r\n  border-radius:var(--rounded);\r\n  border: var(--border_style);\r\n  overflow: hidden;\r\n  z-index:1;\r\n}\r\n\r\n.btn_loading_wrapp:before{\r\n  content:\" \";\r\n  position: absolute;\r\n  height: var(--height);\r\n  width: 0;\r\n  left: 0;\r\n  right: 0;\r\n  background: var(--bg-front-color);\r\n  z-index:-1;\r\n}\r\n\r\n.btn_loading_2:before{\r\n  width:100%;\r\n  transition: width 1s ease-in;\r\n}\r\n.opacity-0{\r\n  opacity:0;\r\n}\r\n.hidden{\r\n  display:none;\r\n}\r\n/*.flex{\r\n  display:flex;\r\n}*/\r\n\r\n/*animation text*/\r\n.btn_loading_2 .txt_loading{\r\n  animation: slide-up 0.5s ease-in-out;\r\n}\r\n.btn_loading_2 .txt_loaded{\r\n  animation: slide-down 0.5s ease-in-out;\r\n}\r\n@keyframes slide-down {\r\n  0% {\r\n    transform: translateY(-150%);\r\n    opacity: 0;\r\n  }\r\n  100% {\r\n    transform: translateY(0);\r\n    opacity: 1;\r\n  }\r\n}\r\n@keyframes slide-up {\r\n  0% {\r\n    transform: translateY(150%);\r\n    opacity: 0;\r\n  }\r\n  100% {\r\n    transform: translateY(0);\r\n    opacity: 1;\r\n  }\r\n}\r\n\r\n\r\n/* bender eye*/\r\n\r\n\r\n.wrap {\r\n  position: relative;\r\n  width: 100px;\r\n  height: 40px;\r\n  margin: 0 2rem;\r\n  color: #dbc9aa;\r\n  line-height: 40px;\r\n  font-size: 2rem;\r\n  text-align: center;\r\n  font-weight: 400;\r\n  padding-top: 5.5rem;\r\n  margin-bottom: 0;\r\n}\r\n.wrap .eye {\r\n  position: absolute;\r\n  margin: auto;\r\n  top: 0;\r\n  bottom: 0;\r\n  background: #fff;\r\n  width: 40px;\r\n  height: 40px;\r\n  border-radius: 50%;\r\n  display: inline-block;\r\n  overflow: hidden;\r\n}\r\n.wrap .eye:before {\r\n  content: \"\";\r\n  position: absolute;\r\n  margin-left: auto;\r\n  width: 10px;\r\n  height: 10px;\r\n  left: 0;\r\n  right: 0;\r\n  bottom: 0;\r\n  background: #141414;\r\n  margin: auto;\r\n}\r\n.wrap .eye.grin:after, .wrap .eye.sad:after {\r\n  content: \"\";\r\n  position: absolute;\r\n  width: calc(100% + 20px);\r\n  height: 0;\r\n  background: #eae0ce;\r\n  left: -10px;\r\n}\r\n.wrap .eye.grin:after {\r\n  bottom: -20px;\r\n}\r\n.wrap .eye:first-child {\r\n  left: 0;\r\n}\r\n.wrap .eye:last-child {\r\n  right: 0;\r\n}\r\n.wrap .eye.grin:before {\r\n  -webkit-animation: grinb 4s cubic-bezier(0.785, 0.135, 0.15, 0.86) infinite;\r\n          animation: grinb 4s cubic-bezier(0.785, 0.135, 0.15, 0.86) infinite;\r\n}\r\n.wrap .eye.grin:after {\r\n  -webkit-animation: grina 4s cubic-bezier(0.785, 0.135, 0.15, 0.86) infinite;\r\n          animation: grina 4s cubic-bezier(0.785, 0.135, 0.15, 0.86) infinite;\r\n}\r\n\r\n@-webkit-keyframes grinb {\r\n  0%, 10% {\r\n    bottom: 0;\r\n  }\r\n  20%, 40% {\r\n    bottom: 50%;\r\n  }\r\n  50%, 100% {\r\n    bottom: 0;\r\n  }\r\n}\r\n\r\n@keyframes grinb {\r\n  0%, 10% {\r\n    bottom: 0;\r\n  }\r\n  20%, 40% {\r\n    bottom: 50%;\r\n  }\r\n  50%, 100% {\r\n    bottom: 0;\r\n  }\r\n}\r\n@-webkit-keyframes grina {\r\n  0%, 10% {\r\n    height: 0;\r\n  }\r\n  20%, 40% {\r\n    height: 100%;\r\n  }\r\n  50%, 100% {\r\n    height: 0;\r\n  }\r\n}\r\n@keyframes grina {\r\n  0%, 10% {\r\n    height: 0;\r\n  }\r\n  20%, 40% {\r\n    height: 100%;\r\n  }\r\n  50%, 100% {\r\n    height: 0;\r\n  }\r\n}\r\n\r\n\r\n/* water*/\r\n\r\n.bubble {\r\n  --bg_front_color:#42a5f5;\r\n  --bg_back_color:#c7eeff;\r\n  width: 100%;\r\n  height: 100%;\r\n  background-color: var(--bg-front-color);\r\n  overflow: hidden;\r\n  transform: translate(0, 0);\r\nborder-radius:var(--rounded);\r\n}\r\n.bubble .water {\r\n  position: absolute;\r\n  left: 0;\r\n  top: 0;\r\n  z-index: 2;\r\n  width: 100%;\r\n  height: 100%;\r\n  -webkit-transform: translate(0, 100%);\r\n  transform: translate(0, 100%);\r\n}\r\n.bubble .water_wave_back {\r\n  width:200%;\r\n  left: 0;\r\n  top:0;\r\n  position:relative;\r\n  fill: var(--bg_back_color);\r\n\r\n  animation: wave-back 0.8s infinite linear;\r\n}\r\n.bubble .water_wave_front {\r\n    margin-top: 8px;\r\n  width:200%;\r\n  left: 0;\r\n  top:0;\r\n  position:absolute;\r\n  fill: var(--bg_front_color);\r\n  animation: wave-front 0.6s infinite linear;\r\n}\r\n\r\n.liquid{\r\n  background:var(--bg_front_color);\r\n  width: 100%;\r\n  height: 100%;\r\n  margin-top:-6px;\r\n}\r\n\r\n\r\n@keyframes wave-front {\r\n  100% {\r\n    transform: translate(-50%, 0);\r\n  }\r\n}\r\n@keyframes wave-back {\r\n  100% {\r\n    transform: translate(-50%, 0);\r\n  }\r\n}',214),(152,'2024-10-17 00:00:41','2024-10-17 00:00:41','html','<div class=\"flex flex-col flex-wrap overflow-x-hidden  justify-center items-center h-screen\">\r\n\r\n  <div class=\"mt-auto btn btn_primary btn_shadow btn_loading\" >\r\n  <div class=\"btn_back\">\r\n    <div class=\"btn_front\">\r\n      <div class=\"btn_loading_wrapp opacity-0\">\r\n        <p class=\"txt_loading\">Loading</p>\r\n        <p class=\"txt_loaded hidden\">succes</p>\r\n      </div>\r\n      <p>Hover</p>\r\n    </div>\r\n  </div> \r\n</div>\r\n<input class=\"mt-auto\" type=\"range\" id=\"button_range\" min=\"0\" max=\"100\" value=\"10\" oninput=\"obtenerValor()\">\r\n<p id=\"valor_actual\">Valor actual: 100</p>\r\n</div>',214),(153,'2024-10-17 00:00:41','2024-10-17 00:00:41','js','var raise=10;\r\nbtn = document.querySelector(\'.btn\');\r\n\r\n  var loading=false;\r\n  var style = btn.style;\r\n  style.setProperty(\'--raise\', raise+\'px\');\r\n  btn.addEventListener(\'mousemove\', event => {\r\n    if(raise>0){\r\n       const width = btn.offsetWidth;\r\n    const height = btn.offsetHeight;\r\n    const rotationDegrees = Math.atan((height * (raise) + raise) / (width )) ;\r\n    const btnWidth = btn.offsetWidth;\r\n    const mouseX = event.clientX - btn.getBoundingClientRect().left;\r\n\r\n    style.setProperty(\'--rotate\', (rotationDegrees));\r\n    style.setProperty(\'--rotate_invers\', (rotationDegrees * -1));\r\n\r\n    this.rotate_Y = -10 * ((mouseX - btnWidth / 2) / (btnWidth / 2));\r\n    if(this.rotate_Y>2){\r\n      btn.classList.remove(\'btn_shadow_default\', \'btn_shadow_left\');\r\n      btn.classList.add(\'btn_shadow_right\');\r\n      btn.querySelector(\'.btn_front\').classList.remove(\'btn_front_default\', \'btn_front_right\');\r\n      btn.querySelector(\'.btn_front\').classList.add(\'btn_front_left\');\r\n    }\r\n    if(this.rotate_Y>-2 && this.rotate_Y<2){\r\n      btn.classList.remove(\'btn_shadow_right\', \'btn_shadow_left\');\r\n      btn.classList.add(\'btn_shadow_default\');\r\n      btn.querySelector(\'.btn_front\').classList.remove(\'btn_front_right\', \'btn_front_left\');\r\n      btn.querySelector(\'.btn_front\').classList.add(\'btn_front_default\');\r\n    }\r\n    if(this.rotate_Y<-2){\r\n      console.log(\'right\');\r\n      btn.classList.remove(\'btn_shadow_right\', \'btn_shadow_default\');\r\n      btn.classList.add(\'btn_shadow_left\');\r\n      btn.querySelector(\'.btn_front\').classList.remove(\'btn_front_default\', \'btn_front_left\');\r\n      btn.querySelector(\'.btn_front\').classList.add(\'btn_front_right\');\r\n    }\r\n   \r\n    }\r\n  });\r\n  btn.addEventListener(\"click\", function() {\r\n    if(!loading){\r\n      //loading=true;\r\n\r\n      console.log(\'eeeeee\')\r\n      const childElement= btn.querySelector(\'.btn_loading_wrapp\');\r\n      childElement.classList.remove(\'opacity-0\');\r\n      childElement.classList.add(\'flex\',\'btn_loading_2\');\r\n      document.querySelector(\'.btn_loading\').style.pointerEvents = \"none\";\r\n      document.querySelector(\'.btn_front\').style.pointerEvents = \"none\";\r\n      //document.querySelector(\'.btn_front\').style.opacity = \"0.8\";\r\n\r\n      document.querySelector(\'.txt_loaded\').classList.add(\'hidden\');\r\n      document.querySelector(\'.txt_loading\').classList.remove(\'hidden\');\r\n\r\n      setTimeout(function() {\r\n        document.querySelector(\'.txt_loaded\').classList.remove(\'hidden\');\r\n        document.querySelector(\'.txt_loading\').classList.add(\'hidden\');\r\n        setTimeout(function() {\r\n          childElement.classList.add(\'opacity-0\');\r\n          childElement.classList.remove(\'flex\',\'btn_loading_2\');\r\n          document.querySelector(\'.btn_loading\').style.pointerEvents = \"auto\";\r\n          document.querySelector(\'.btn_front\').style.pointerEvents = \"auto\";\r\n          //document.querySelector(\'.btn_front\').style.opacity = \"1\";\r\n        }, 1000);\r\n        //loading=false;\r\n      }, 3000);\r\n    }\r\n  });\r\n\r\nfunction obtenerValor() {\r\n  // Obtn el elemento input por su ID\r\n  var rangeInput = document.getElementById(\"button_range\");\r\n\r\n  // Obtn el valor actual del input de rango\r\n  var valor = rangeInput.value;\r\n  var btn = document.querySelector(\".btn\");\r\n    var style = btn.style;\r\n  style.setProperty(\'--raise\', valor+\'px\');\r\n  raise=valor;\r\n  // Actualiza el texto para mostrar el valor actual\r\n  document.getElementById(\"valor_actual\").textContent = \"Valor actual: \" + valor;\r\n}',214),(154,'2024-10-17 00:00:41','2024-10-17 00:00:41','text_label','Paso a paso',215),(155,'2024-10-17 00:00:41','2024-10-17 00:00:41','text_label','Estructura del componente\r\n\r\n.btn => Este es el componente base que define y encapsula las variables y estilos generales como la estructura principal del botn.\r\n\r\n.btn_primary: Esta clase agrega estilos especficos para definir el tema principal del botn. Simplemente agregando otra clase, como .btn_secondary, puedes cambiar fcilmente el estilo del botn a un tema secundario.\r\n\r\n.btn_shadow: Representa la ltima capa del botn, la sombra. Utilizamos el pseudo-elemento :before o :after para lograr un posicionamiento que no afecte a los elementos hijos, permitindonos mover la sombra fuera de la caja principal sin afectar a los elementos front y back.\r\n\r\n.btn_back: Capa intermedia situada entre la sombra y la parte frontal del botn. Proporciona la estructura y los estilos de fondo del botn.\r\n\r\n.btn_front: La capa frontal del botn, que contiene el contenido visible del botn. Aqu es donde se define el estilo visual y el contenido del botn.',216),(156,'2024-10-17 00:00:41','2024-10-17 00:19:53','text_label','Centrar elementos en una pgina web no solo mejora la esttica, sino que tambin ayuda a crear una experiencia de usuario ms intuitiva. Un diseo bien equilibrado puede guiar la atencin del visitante hacia el contenido clave y facilitar la navegacin. En este artculo, exploraremos varias tcnicas para centrar un <div>, ya sea horizontal, vertical o ambos, utilizando CSS.',217),(158,'2024-10-17 00:00:41','2024-10-17 00:02:10','text_label','Centrar un <div> es una de las tareas ms comunes en el desarrollo web, pero puede ser confuso para quienes estn empezando. En este artculo, exploraremos varias tcnicas para centrar un <div>, ya sea horizontal, vertical o ambos, utilizando CSS.',219),(159,'2024-10-17 00:00:41','2024-10-17 00:00:41','text_label','Aqu tienes una vista explosionada del componente,',220),(160,'2024-10-17 00:00:41','2024-10-17 00:00:41','css','/*style for btn*/\r\n.btn{\r\n  --font-body-family:-apple-system,BlinkMacSystemFont,Segoe UI,Roboto,Oxygen,Ubuntu,Cantarell,Fira Sans,Droid Sans,Helvetica Neue,sans-serif;\r\n  --height: 50px;\r\n  --raise: 100px;\r\n  --rounded: 10px;\r\n  --rotate: 1;\r\n  --rotate_invers: 1 * - 1;\r\n  --border:4px;\r\n  --border_style:solid #004c65 var(--border);\r\n  --bg-front-color: #AAD3EA;\r\n  --bg-shadow-color: #4B4B4B84;\r\n  --bg-back-color: #004c65;\r\n  --font-color: white;\r\n  --font-body-weight:800;\r\n  --width:180px;\r\n  color:var(--font-color);\r\n  font-family:var(--font-body-family);\r\n  height: calc(var(--height) + var(--raise)); \r\n  width:var(--width);\r\n  font-weight:var(--font-body-weight);\r\n}\r\n\r\n.btn_primary{\r\n  --bg-shadow-color: #4B4B4B20;\r\n  --bg-front-color: #338a9d;\r\n  --bg-back-color: #9a453f;\r\n  --border_style:solid #b84a41 var(--border);\r\n  --font-color: #ea893e;\r\n}\r\n\r\n.btn_shadow {\r\n  border: var(--border) solid transparent;\r\n}\r\n\r\n.btn_shadow:before {\r\n  content:\" \";\r\n  position:absolute;\r\n  height: var(--height); \r\n  margin-top: calc((var(--raise)/0.5)); \r\n  width:var(--width);\r\n  background: var(--bg-shadow-color);\r\n  border-radius: var(--rounded);\r\n  transition:transform 0.2s ease-out;\r\n  border: var(--border) solid transparent;\r\n}\r\n.btn_back:before{\r\n  content:\" \";\r\n  position: absolute; \r\n  height: var(--height); \r\n  margin-top: var(--raise); \r\n  width:var(--width);\r\n  border: var(--border) solid transparent;\r\n  background: var(--bg-back-color);\r\n  border-radius:var(--rounded); \r\n  transition:transform 0.1s ease-out;\r\n} \r\n\r\n.btn_front{\r\n  position: absolute;\r\n  height: var(--height);\r\n  width:var(--width);\r\n  background: var(--bg-front-color);\r\n  display: flex;\r\n  align-items: center;\r\n  justify-content: center;\r\n  border-radius:var(--rounded);\r\n  border: var(--border_style);\r\n  transition:transform 0.1s ease-out;\r\n}\r\n\r\n\r\n\r\n/* It is not necessary only for the body*/\r\n.h-screen{\r\n    height:90vh; \r\n}\r\n.mt-36{\r\n  margin-top:136px;\r\n}\r\n.justify-center {\r\n    justify-content: center;\r\n}\r\n.items-center {\r\n    align-items: center;\r\n}\r\n.flex-wrap {\r\n    flex-wrap: wrap;\r\n}\r\n.flex-col {\r\n    flex-direction: column;\r\n}\r\n.flex{\r\n display : flex;\r\n}',221),(161,'2024-10-17 00:00:41','2024-10-17 00:00:41','html','<div class=\"flex flex-col flex-wrap overflow-x-hidden  justify-center items-center h-screen\">\r\n<div class=\"btn btn_primary btn_shadow \" >\r\n  <div class=\"btn_back\">\r\n    <div class=\"btn_front\">\r\n      <p>Hover</p>\r\n    </div>\r\n  </div>\r\n</div>\r\n</div>',221),(162,'2024-10-17 00:00:41','2024-10-17 00:00:41','js','var raise=10;\r\n\r\nfunction obtenerValor() {\r\n  // Obtn el elemento input por su ID\r\n  var rangeInput = document.getElementById(\"button_range\");\r\n\r\n  // Obtn el valor actual del input de rango\r\n  var valor = rangeInput.value;\r\n  var btn = document.querySelector(\".btn\");\r\n    var style = btn.style;\r\n  style.setProperty(\'--raise\', valor+\'px\');\r\n  raise=valor;\r\n  // Actualiza el texto para mostrar el valor actual\r\n  document.getElementById(\"valor_actual\").textContent = \"Valor actual: \" + valor;\r\n}',221),(163,'2024-10-17 00:00:41','2024-10-17 00:00:41','text_label','Vamos animar la capa shadow y la capa front agregando un par de clases\r\nbtn_front_default y btn_shadow_default\r\n\r\nQue queremos conseguir?\r\n\r\nEl objectivo es simular un boton real que al pasar el cursor se unda un poco y al estar activo se unda del todo, agregamos ha esas clases los eventos hover y active y el comportamiento que hemos especificado usando transform para mover las capas y agregamos el tipo de animacion',222),(164,'2024-10-17 00:00:41','2024-10-17 00:00:41','text_label','El secreto de la masa',224),(165,'2024-10-17 00:00:41','2024-10-17 00:25:15','html','<div class=\"contenedor\">\r\n    <div class=\"centrado\">Contenido centrado!</div>\r\n</div>',225),(166,'2024-10-17 00:00:41','2024-10-17 00:25:15','css','.centrado {\r\n    width: fit-content; /* o cualquier ancho deseado */\r\n    margin: 0 auto;\r\n}',225),(167,'2024-10-17 00:00:41','2024-10-17 00:00:41','js','var raise=10;\r\nbtn = document.querySelector(\'.btn\');\r\n\r\n  var loading=false;\r\n  var style = btn.style;\r\n  style.setProperty(\'--raise\', raise+\'px\');\r\n  btn.addEventListener(\'mousemove\', event => {\r\n    if(raise>0){\r\n    const width = btn.offsetWidth;\r\n    const height = btn.offsetHeight;\r\n    const rotationDegrees = Math.atan((height * (raise) + raise) / (width )) ;\r\n    const btnWidth = btn.offsetWidth;\r\n    const mouseX = event.clientX - btn.getBoundingClientRect().left;\r\n    style.setProperty(\'--rotate\', (rotationDegrees));\r\n    style.setProperty(\'--rotate_invers\', (rotationDegrees * -1));\r\n\r\n    this.rotate_Y = -10 * ((mouseX - btnWidth / 2) / (btnWidth / 2));\r\n    if(this.rotate_Y>2){\r\n      btn.classList.remove(\'btn_shadow_default\', \'btn_shadow_left\');\r\n      btn.classList.add(\'btn_shadow_right\');\r\n      btn.querySelector(\'.btn_front\').classList.remove(\'btn_front_default\', \'btn_front_right\');\r\n      btn.querySelector(\'.btn_front\').classList.add(\'btn_front_left\');\r\n    }\r\n    if(this.rotate_Y>-2 && this.rotate_Y<2){\r\n      btn.classList.remove(\'btn_shadow_right\', \'btn_shadow_left\');\r\n      btn.classList.add(\'btn_shadow_default\');\r\n      btn.querySelector(\'.btn_front\').classList.remove(\'btn_front_right\', \'btn_front_left\');\r\n      btn.querySelector(\'.btn_front\').classList.add(\'btn_front_default\');\r\n    }\r\n    if(this.rotate_Y<-2){\r\n      console.log(\'right\');\r\n      btn.classList.remove(\'btn_shadow_right\', \'btn_shadow_default\');\r\n      btn.classList.add(\'btn_shadow_left\');\r\n      btn.querySelector(\'.btn_front\').classList.remove(\'btn_front_default\', \'btn_front_left\');\r\n      btn.querySelector(\'.btn_front\').classList.add(\'btn_front_right\');\r\n    }\r\n    }\r\n  });\r\n\r\n\r\n\r\nfunction obtenerValor() {\r\n  // Obtn el elemento input por su ID\r\n  var rangeInput = document.getElementById(\"button_range\");\r\n\r\n  // Obtn el valor actual del input de rango\r\n  var valor = rangeInput.value;\r\n  var btn = document.querySelector(\".btn\");\r\n    var style = btn.style;\r\n  style.setProperty(\'--raise\', valor+\'px\');\r\n  raise=valor;\r\n  // Actualiza el texto para mostrar el valor actual\r\n  document.getElementById(\"valor_actual\").textContent = \"Valor actual: \" + valor;\r\n}',225),(174,'2024-10-17 00:03:15','2024-10-17 00:03:15','text_label','1. Centrado Horizontal',228),(176,'2024-11-04 19:23:39','2024-11-04 20:01:21','styles','flex w-full bg-bgSeco justify-center items-center',230),(177,'2024-11-04 19:26:30','2024-11-04 19:26:30','text_label','Flexbox con Tailwind CSS',233),(178,'2024-11-04 19:27:17','2024-11-04 19:27:17','text_label','En el desarrollo web, Flexbox es una herramienta fundamental para crear diseños de interfaz responsivos y adaptativos.',234),(179,'2024-11-04 19:27:37','2024-11-05 14:57:40','styles','max-w-6xl flex flex-col w-full p-10 gap-10 pb-20',232),(180,'2024-11-04 19:47:18','2024-11-04 20:01:42','styles','flex w-full bg-bgPrim justify-center items-center',231),(181,'2024-11-04 19:48:03','2024-11-05 15:00:06','styles','max-w-6xl flex flex-col w-full p-10 gap-4 py-20 text-lg',235),(182,'2024-11-04 19:49:09','2024-11-04 19:49:09','text_label','¿Qué es Flexbox?',238),(183,'2024-11-04 19:49:53','2024-11-04 19:49:53','text_label','Flexbox, o \"Flexible Box\", es un módulo de diseño de CSS que se utiliza para crear layouts unidimensionales, tanto vertical como horizontalmente. Esto lo convierte en una excelente opción para alinear elementos de manera dinámica sin tener que usar floats o position.',236),(184,'2024-11-04 19:51:00','2024-11-04 19:51:00','text_label','Al usar Flexbox en Tailwind, puedes evitar escribir CSS personalizado, ya que Tailwind provee clases que puedes aplicar directamente en tus elementos.',239),(185,'2024-11-04 19:54:04','2024-11-04 19:54:04','text_label','Ejemplo básico de Flexbox en HTML con Tailwind:',240),(186,'2024-11-04 20:04:58','2024-11-04 20:04:58','html','<div class=\"flex justify-center items-center h-screen bg-gray-200\">\r\n  <div class=\"flex flex-col gap-y-4\">\r\n    <div class=\"bg-blue-500 text-white p-4\">Elemento 1</div>\r\n    <div class=\"bg-green-500 text-white p-4\">Elemento 2</div>\r\n    <div class=\"bg-red-500 text-white p-4\">Elemento 3</div>\r\n  </div>\r\n</div>',241),(187,'2024-11-04 20:10:11','2024-11-04 20:10:11','text_label','Clases Flex en Tailwind CSS',246),(188,'2024-11-04 20:10:46','2024-11-05 14:41:03','text_label','- flex: Activa el comportamiento Flexbox en un contenedor.',242),(189,'2024-11-05 14:37:28','2024-11-05 14:37:36','styles','text-textPrimary mb-6',239),(190,'2024-11-05 14:37:47','2024-11-05 15:02:21','styles','text-textPrimary pb-10 font-semibold text-3xl md:text-4xl xl:text-5xl  text-textPrimary',238),(191,'2024-11-05 14:38:48','2024-11-05 14:41:09','text_label','- flex-row / flex-col: Define la dirección de los elementos hijos (horizontal o vertical).',243),(192,'2024-11-05 14:41:22','2024-11-05 14:41:22','text_label','- justify-start, justify-center, justify-end, justify-between, justify-around, justify-evenly: Controla la alineación horizontal de los elementos dentro de un contenedor flex.',244),(193,'2024-11-05 14:41:38','2024-11-05 14:41:38','text_label','- items-start, items-center, items-end, items-stretch: Controla la alineación vertical de los elementos dentro de un contenedor flex.',245),(194,'2024-11-05 14:41:53','2024-11-05 14:41:53','text_label','- flex-wrap / flex-nowrap: Define si los elementos deben ocupar varias filas cuando no caben en una sola.',247),(195,'2024-11-05 14:42:05','2024-11-05 14:42:05','text_label','- gap-x-4, gap-y-4: Añade espacio entre los elementos hijos. Puedes cambiar el valor (4, 2, 8, etc.) según la necesidad.',248),(196,'2024-11-05 14:48:14','2024-11-05 15:02:37','styles','flex flex-col w-full min-h-10 gap-4',249),(197,'2024-11-05 14:48:24','2024-11-05 14:48:24','text_label','Ejemplos prácticos de Flexbox con Tailwind',250),(198,'2024-11-05 14:49:01','2024-11-05 15:02:00','styles','font-semibold text-3xl md:text-4xl xl:text-5xl  text-textPrimary py-10',246),(199,'2024-11-05 14:49:13','2024-11-05 15:02:48','styles','font-semibold text-3xl md:text-4xl xl:text-5xl  text-textPrimary py-10',250),(200,'2024-11-05 14:51:29','2024-11-05 14:51:29','text_label','Centrado de un elemento en pantalla',252),(201,'2024-11-05 14:52:17','2024-11-05 14:52:17','html','<div class=\"flex items-center justify-center h-screen bg-gray-200\">\r\n  <div class=\"bg-blue-500 text-white p-10 rounded-lg\">\r\n    ¡Estoy centrado!\r\n  </div>\r\n</div>',253),(202,'2024-11-05 14:52:41','2024-11-05 14:52:41','text_label','Distribución de elementos en una barra de navegación',254),(203,'2024-11-05 14:53:04','2024-11-05 14:53:04','html','<nav class=\"flex justify-between bg-gray-800 text-white p-4\">\r\n  <div class=\"text-lg font-semibold\">Mi Sitio</div>\r\n  <div class=\"flex gap-x-4\">\r\n    <a href=\"#\" class=\"hover:text-gray-300\">Inicio</a>\r\n    <a href=\"#\" class=\"hover:text-gray-300\">Acerca</a>\r\n    <a href=\"#\" class=\"hover:text-gray-300\">Contacto</a>\r\n  </div>\r\n</nav>',255),(204,'2024-11-05 14:54:09','2024-11-05 14:54:09','text_label','Grid de tarjetas responsivas',256),(205,'2024-11-05 14:54:24','2024-11-05 14:54:24','html','<div class=\"flex flex-wrap gap-4 p-4\">\r\n  <div class=\"flex-1 min-w-[250px] bg-blue-200 p-4 rounded-lg\">Tarjeta 1</div>\r\n  <div class=\"flex-1 min-w-[250px] bg-green-200 p-4 rounded-lg\">Tarjeta 2</div>\r\n  <div class=\"flex-1 min-w-[250px] bg-red-200 p-4 rounded-lg\">Tarjeta 3</div>\r\n</div>',257),(206,'2024-11-05 14:56:17','2024-11-05 14:56:18','text_label','Usar Flexbox con Tailwind CSS es una excelente manera de crear interfaces limpias, rápidas y responsivas sin tener que preocuparse demasiado por CSS personalizado. Gracias a sus clases predefinidas, es fácil alinear, distribuir y manipular elementos de forma eficiente, lo que ahorra tiempo y esfuerzo en el desarrollo.',259),(207,'2024-11-05 14:56:33','2024-11-05 14:56:33','text_label','Conclusión',258),(208,'2024-11-05 15:03:06','2024-11-05 15:03:06','styles','font-semibold text-3xl md:text-4xl xl:text-5xl  text-textPrimary py-10',258),(209,'2024-11-05 18:07:55','2024-11-05 18:07:55','styles','flex w-full bg-bgSeco justify-center items-center',260),(210,'2024-11-05 18:07:55','2024-11-05 18:14:27','styles','max-w-6xl flex flex-col w-full p-10 gap-6 pb-20',261),(211,'2024-11-05 18:07:55','2024-11-05 18:11:48','text_label','Cómo Centrar un div en CSS',262),(212,'2024-11-05 18:07:55','2024-11-05 18:14:06','text_label','Formas y Buenas Prácticas',263),(213,'2024-11-05 18:07:55','2024-11-05 18:07:55','styles','flex w-full bg-bgPrim justify-center items-center',264),(214,'2024-11-05 18:07:55','2024-11-05 19:19:25','styles','max-w-6xl flex flex-col w-full p-10 gap-4 py-20 text-xl',265),(215,'2024-11-05 18:07:55','2024-11-05 18:50:21','text_label','1. Centrando un div Horizontalmente',266),(216,'2024-11-05 18:07:55','2024-11-05 19:02:16','styles','text-textPrimary py-10 font-semibold text-3xl md:text-4xl xl:text-5xl  text-textPrimary',266),(217,'2024-11-05 18:07:55','2024-11-05 18:18:08','text_label','Centrar elementos en CSS es una habilidad fundamental para cualquier desarrollador web. Aunque puede parecer sencillo, existen múltiples métodos para lograrlo, cada uno con sus ventajas y casos de uso específicos.',267),(218,'2024-11-05 18:07:55','2024-11-05 18:45:53','text_label','En este artículo, exploraremos diversas técnicas para centrar un div tanto horizontal como verticalmente utilizando CSS puro, Flexbox, Grid y otras herramientas modernas.',268),(219,'2024-11-05 18:07:55','2024-11-05 19:02:09','styles','text-textPrimary',268),(220,'2024-11-05 18:07:55','2024-11-05 18:54:45','text_label','Usando margin: auto, este es uno de los métodos más sencillos para centrar un div horizontalmente dentro de su contenedor.',269),(221,'2024-11-05 18:07:55','2024-11-05 18:55:52','html','<div class=\"contenedor\">\r\n  <div class=\"centrado\">Contenido Centrado</div>\r\n</div>',270),(224,'2024-11-05 18:07:55','2024-11-05 18:57:02','text_label','Al establecer margin: 0 auto en el div interno, se distribuyen automáticamente los márgenes izquierdo y derecho, centrando el elemento horizontalmente.',272),(230,'2024-11-05 18:07:55','2024-11-05 19:23:44','styles','flex flex-col w-full min-h-10 gap-4 text-xl',278),(231,'2024-11-05 18:07:55','2024-11-05 19:00:01','text_label','2. Centrando un div Tanto Horizontal como Verticalmente',279),(232,'2024-11-05 18:07:55','2024-11-05 19:02:47','styles','font-semibold text-3xl md:text-4xl xl:text-5xl  text-textPrimary py-8',279),(233,'2024-11-05 18:07:55','2024-11-05 19:00:29','text_label','Usando Flexbox, es ideal para centrar en ambas direcciones simultáneamente.',280),(234,'2024-11-05 18:07:55','2024-11-05 19:03:18','html','<div class=\"flex-both-contenedor\">\r\n  <div class=\"flex-both-centrado\">Contenido Centrado</div>\r\n</div>',281),(235,'2024-11-05 18:07:55','2024-11-05 19:07:38','text_label','justify-content: center y align-items: center centran el elemento en ambas direcciones.',282),(236,'2024-11-05 18:07:55','2024-11-05 19:14:26','html','<div class=\"grid-both-contenedor\">\r\n  <div class=\"grid-both-centrado\">Contenido Centrado</div>\r\n</div>',283),(237,'2024-11-05 18:07:55','2024-11-05 19:09:58','text_label','Usando Grid, también permite una fácil alineación en ambas direcciones.',284),(241,'2024-11-05 18:07:55','2024-11-05 19:15:24','text_label','place-items: center centra el contenido tanto horizontal como verticalmente.',287),(242,'2024-11-05 18:55:52','2024-11-05 18:55:52','css','.contenedor {\r\n  width: 100%;\r\n  background-color: #f0f0f0;\r\n}\r\n\r\n.centrado {\r\n  width: 50%;\r\n  margin: 0 auto; /* Centra horizontalmente */\r\n  background-color: #4CAF50;\r\n  padding: 20px;\r\n  text-align: center;\r\n}',270),(243,'2024-11-05 19:03:18','2024-11-05 19:07:20','css','.flex-both-contenedor {\r\n  display: flex;\r\n  justify-content: center; /* Centra horizontalmente */\r\n  align-items: center; /* Centra verticalmente */\r\n  height:100vh;\r\n  background-color: #f0f0f0;\r\n}\r\n\r\n.flex-both-centrado {\r\n  background-color: #673ab7;\r\n  padding: 20px;\r\n  color: white;\r\n}',281),(244,'2024-11-05 19:10:39','2024-11-05 19:24:29','styles','text-textPrimary pt-10',284),(246,'2024-11-05 19:14:26','2024-11-05 19:14:51','css','.grid-both-contenedor {\r\n  display: grid;\r\n  place-items: center; /* Centra horizontal y verticalmente */\r\n  height:100vh;\r\n  background-color: #f0f0f0;\r\n}\r\n\r\n.grid-both-centrado {\r\n  background-color: #3f51b5;\r\n  padding: 20px;\r\n  color: white;\r\n}',283),(247,'2024-11-05 19:17:27','2024-11-05 19:17:27','text_label','Centrar un div en CSS puede lograrse de múltiples maneras, cada una adecuada para diferentes escenarios y necesidades. Desde métodos tradicionales como margin: auto hasta técnicas modernas usando Flexbox y Grid, es esencial entender las ventajas y limitaciones de cada enfoque. Al dominar estas técnicas, podrás crear diseños más limpios, eficientes y responsivos para tus proyectos web.',289),(248,'2024-11-05 19:17:34','2024-11-05 19:17:34','text_label','Conclusión',288),(249,'2024-11-05 19:17:45','2024-11-05 19:18:05','styles','font-semibold text-3xl md:text-4xl xl:text-5xl  text-textPrimary pt-10',288),(250,'2024-11-05 20:23:21','2024-11-08 00:04:40','styles','flex w-full bg-bgSeco justify-center items-center\r\ncol-span-6',290),(251,'2024-11-05 20:23:21','2024-11-08 00:01:48','styles','max-w-6xl w-full p-10 gap-6 pb-20\r\ncol-span-6',291),(252,'2024-11-05 20:23:21','2024-11-05 20:24:30','text_label','Cómo Crear un Botón 3D en CSS',292),(253,'2024-11-05 20:23:21','2024-11-05 20:24:43','text_label','Guía Paso a Paso',293),(254,'2024-11-05 20:23:21','2024-11-08 00:18:32','styles','flex w-full bg-bgPrim justify-center items-center col-span-6',294),(255,'2024-11-05 20:23:21','2024-11-08 00:16:22','styles','flex flex-col w-full p-10 gap-6 py-20 text-xl max-w-6xl',295),(256,'2024-11-05 20:23:21','2024-11-05 20:25:50','text_label','En este tutorial, vamos a aprender cómo construir un botón 3D en CSS usando clases modulares. Dividiremos el botón en capas para que cada una tenga su propio propósito y podamos fácilmente aplicar diferentes temas y estilos. Esto te permitirá tener un botón personalizable y reutilizable en tu proyecto.',296),(259,'2024-11-05 20:23:21','2024-11-05 20:32:12','text_label','Estructura del Componente',298),(260,'2024-11-05 20:23:21','2024-11-06 18:31:52','styles','text-textPrimary pt-10 font-semibold text-3xl md:text-4xl xl:text-5xl  text-textPrimary',298),(261,'2024-11-05 20:23:21','2024-11-06 18:09:02','text_label','Para crear un botón 3D, dividiremos el componente en varias partes: la capa principal (front), la capa intermedia (back) y la sombra (shadow). Vamos a utilizar las siguientes clases, cada una de las cuales cumple una función específica:',299),(262,'2024-11-05 20:23:21','2024-11-07 04:42:31','html','<div class=\"flex flex-col justify-center items-center h-screen\">\r\n  <div class=\"btn btn_primary btn_shadow\" >\r\n    <div class=\"btn_back\">\r\n      <div class=\"btn_front\">\r\n        <p>Button</p>\r\n      </div>\r\n    </div>\r\n  </div>\r\n  <input class=\"mt-auto\" type=\"range\" id=\"button_range\" \r\n         min=\"0\" max=\"80\" value=\"20\" oninput=\"obtenerValor()\">\r\n  <p id=\"valor_actual\">Valor actual: 20</p> \r\n</div>',300),(263,'2024-11-05 20:23:21','2024-11-07 19:51:48','css','.btn {\r\n  --font_body_family:Ubuntu;\r\n  --height:50px; \r\n  --width:150px;\r\n  --raise:10px;\r\n  --rounded:5px;\r\n  --rotate:20;\r\n  --rotate_invers:0;\r\n  --border:4px;\r\n  --border_style:solid #004c65 var(--border);\r\n  --bg_front_color:#AAD3EA;\r\n  --bg_front_color_hover:rgba(170,211,234,0.08);\r\n  --bg_shadow_color:#4B4B4B84;\r\n  --bg_back_color:#004c65;\r\n  --font_color:white;\r\n  --font_body_weight:800;\r\n  --font_size:16px;\r\n  height:calc(var(--height) + var(--raise)*2);\r\n  font-family:var(--font_body_family);\r\n  width:calc(var(--width));\r\n  color:var(--font_color);\r\n  font-weight:var(--font_body_weight);\r\n  font-size:var(--font_size);\r\n  position:relative;\r\n}\r\n.btn:active {\r\n  opacity:0.80;\r\n}\r\n.btn_primary {\r\n  --bg_shadow_color:rgba(217,217,217,0.7);\r\n  --bg_front_color:#FF1F48;\r\n  --bg_back_color:#E00029;\r\n  --border_style:solid #FF4769 var(--border);\r\n  --font_color:#fff;\r\n}\r\n.btn_shadow:before {\r\n  content:\" \";\r\n  position:absolute; \r\n  top:0;\r\n  height:calc(var(--height));\r\n  margin-top:calc(var(--raise)*2);\r\n  width:var(--width);\r\n  background:var(--bg_shadow_color);\r\n  border-radius:var(--rounded);\r\n  border:var(--border) solid transparent;\r\n}\r\n.btn .btn_back:before {\r\n  content:\" \";\r\n  position:absolute;\r\n  top:0;\r\n  height:calc(var(--height));\r\n  margin-top:var(--raise);\r\n  width:var(--width);\r\n  background:var(--bg_back_color);\r\n  border-radius:var(--rounded);\r\n  transition:transform 0.2s ease-out;\r\n  border:var(--border) solid transparent;\r\n}\r\n.btn .btn_front {\r\n  position:absolute;\r\n  height:calc(var(--height));\r\n  width:calc(var(--width));\r\n  top:0;\r\n  background:var(--bg_front_color);\r\n  display:flex;\r\n  align-items:center;\r\n  justify-content:center;\r\n  border-radius:var(--rounded);\r\n  border:var(--border_style);\r\n  transition:transform 0.2s ease-out;\r\n}',300),(264,'2024-11-05 20:23:21','2024-11-07 17:16:39','text_label','Capa sombra: Un nivel de sombra debajo (.btn_shadow).',301),(280,'2024-11-05 20:33:14','2024-11-05 20:33:38','styles','font-semibold text-5xl  text-textPrimary',292),(281,'2024-11-05 20:36:57','2024-11-05 20:36:57','styles','text-textPrimary mb-4',299),(282,'2024-11-05 20:37:40','2024-11-05 20:37:40','styles','text-textPrimary mb-10',296),(283,'2024-11-05 20:39:26','2024-11-07 17:16:44','text_label','Capa trasero: Un fondo adicional detrás del botón (.btn_back).',313),(285,'2024-11-05 20:39:50','2024-11-07 17:11:05','text_label','Capa frontal: La capa visible y principal del botón (.btn_front).',315),(289,'2024-11-05 20:43:29','2024-11-05 20:43:29','styles_button','btn_primary',318),(291,'2024-11-05 23:59:37','2024-11-07 04:37:29','js','var raise=20;\r\n \r\nfunction obtenerValor() {\r\n  // Obtn el elemento input por su ID\r\n  var rangeInput = document.getElementById(\"button_range\");\r\n\r\n  // Obtn el valor actual del input de rango\r\n  var valor = rangeInput.value;\r\n  var btn = document.querySelector(\".btn\");\r\n    var style = btn.style;\r\n  style.setProperty(\'--raise\', valor+\'px\');\r\n  raise=valor;\r\n  // Actualiza el texto para mostrar el valor actual\r\n  document.getElementById(\"valor_actual\").textContent = \"Valor actual: \" + valor;\r\n}',300),(294,'2024-11-06 00:42:18','2024-11-06 00:42:28','text_label','Lorem Ipsum es simplemente el texto de relleno de las imprentas y archivos de texto. Lorem Ipsum ha sido el texto de relleno estándar de las industrias desde el año 1500',329),(295,'2024-11-06 00:42:59','2024-11-06 00:42:59','text_label','Lorem Ipsum es simplemente el texto de relleno de las imprentas y archivos de texto. Lorem Ipsum ha sido el texto de relleno estándar de las industrias desde el año 1500',322),(296,'2024-11-06 00:43:30','2024-11-06 00:43:30','text_label','Lorem Ipsum es simplemente el texto de relleno',320),(297,'2024-11-06 00:43:57','2024-11-06 00:43:57','styles','text-textPrimary text-sm',322),(302,'2024-11-06 00:48:06','2024-11-06 00:48:25','text_label','Animaciones Interactivas del Botón',337),(305,'2024-11-06 00:48:06','2024-11-06 17:16:37','text_label','Para conseguir este efecto, dividimos el botón en tres partes: izquierda, centro y derecha. Cuando pasamos el cursor sobre una de las partes del botón, agregamos las clases correspondientes a esa sección. Por ejemplo, al pasar el cursor por la izquierda, añadimos las clases btn_front_left y btn_shadow_left, y eliminamos las otras clases para mantener solo las que corresponden a esa posición.',340),(306,'2024-11-06 00:49:05','2024-11-06 00:49:31','text_label','Animación de Carga del Botón',342),(307,'2024-11-06 00:49:05','2024-11-06 18:26:38','text_label','Para animar la carga del botón, agregaremos un contenedor .btn_loading_wrapp, que se compone de un texto .txt_loading para mostrar el estado de carga, otro texto .txt_loaded para indicar cuando se ha completado, y otro elemento .btn_loading_2 que muestra la progresión.',343),(309,'2024-11-06 00:49:05','2024-11-06 18:30:35','text_label','Un botón 3D con animaciones agrega interactividad y atractivo, mejorando la experiencia del usuario. Dividirlo en capas crea profundidad, transformando un simple botón en un elemento funcional y llamativo.',345),(311,'2024-11-06 11:15:29','2024-11-07 22:22:50','html','<div class=\"flex flex-col flex-wrap justify-center items-center h-screen\">\r\n  <div class=\"btn btn_primary btn_shadow\" >\r\n  <div class=\"btn_back\">\r\n    <div class=\"btn_front\">\r\n      <p>Button</p>\r\n    </div>\r\n  </div>  \r\n</div>\r\n</div>',339),(312,'2024-11-06 11:15:58','2024-11-07 22:22:32','css','.btn {\r\n  --font_body_family:Ubuntu;\r\n  --height:50px;  \r\n  --width:150px;\r\n  --raise:10px;\r\n  --rounded:5px;\r\n  --rotate:20;\r\n  --rotate_invers:0;\r\n  --border:4px;\r\n  --border_style:solid #004c65 var(--border);\r\n  --bg_front_color:#AAD3EA;\r\n  --bg_front_color_hover:rgba(170,211,234,0.08);\r\n  --bg_shadow_color:#4B4B4B84;\r\n  --bg_back_color:#004c65;\r\n  --font_color:white;\r\n  --font_body_weight:800;\r\n  --font_size:16px;\r\n  height:calc(var(--height) + var(--raise)*2);\r\n  font-family:var(--font_body_family);\r\n  width:calc(var(--width));\r\n  color:var(--font_color);\r\n  font-weight:var(--font_body_weight);\r\n  font-size:var(--font_size);\r\n  position:relative;\r\n}\r\n.btn:active {\r\n  opacity:0.80;\r\n}\r\n.btn_primary {\r\n  --bg_shadow_color:rgba(217,217,217,0.7);\r\n  --bg_front_color:#FF1F48;\r\n  --bg_back_color:#E00029;\r\n  --border_style:solid #FF4769 var(--border);\r\n  --font_color:#fff;\r\n}\r\n.btn_shadow:before {\r\n  content:\" \";\r\n  position:absolute; \r\n  top:0;\r\n  height:calc(var(--height));\r\n  margin-top:calc(var(--raise)*2);\r\n  width:var(--width);\r\n  background:var(--bg_shadow_color);\r\n  border-radius:var(--rounded);\r\n  border:var(--border) solid transparent;\r\n}\r\n.btn .btn_back:before {\r\n  content:\" \";\r\n  position:absolute;\r\n  top:0;\r\n  height:calc(var(--height));\r\n  margin-top:var(--raise);\r\n  width:var(--width);\r\n  background:var(--bg_back_color);\r\n  border-radius:var(--rounded);\r\n  transition:transform 0.2s ease-out;\r\n  border:var(--border) solid transparent;\r\n}\r\n.btn .btn_front {  \r\n  position:absolute;\r\n  height:calc(var(--height));\r\n  width:calc(var(--width));\r\n  top:0;\r\n  background:var(--bg_front_color);\r\n  display:flex;\r\n  align-items:center;\r\n  justify-content:center;\r\n  border-radius:var(--rounded);\r\n  border:var(--border_style);\r\n  transition:transform 0.2s ease-out;\r\n}\r\n/*btn_shadow events*/\r\n.btn_shadow_left:before {\r\n  transition:transform 0.2s ease-out;\r\n  transform:skewY(calc(1deg * var(--rotate_invers))) translateY(calc((var(--raise)*0.6) * -1 ));\r\n}\r\n.btn_shadow_right:before {\r\n  transition:transform 0.2s ease-out;\r\n  transform:skewY(calc(1deg * var(--rotate))) translateY(calc((var(--raise)*0.6) * -1 ));\r\n}\r\n.btn_shadow_default:before {\r\n  transform:skew(0) translateZ(0);\r\n}\r\n.btn_shadow_default:hover:before {\r\n  transform:translateY(calc((var(--raise) / 2) * -1 ));\r\n}\r\n.btn_shadow_default:active:before {\r\n  transform:translateY(calc((var(--raise)) * -1 ));\r\n}\r\n.btn_shadow_left:active:before {\r\n  transform:translateY(calc((var(--raise)) * -1 ));\r\n}\r\n.btn_shadow_right:active:before {\r\n  transform:translateY(calc((var(--raise)) * -1 ));\r\n}\r\n/*btn_front events*/\r\n  .btn_front_left {\r\n  transform:skewY(calc(1deg * var(--rotate_invers)));\r\n}\r\n.btn_front_right {\r\n  transform:skewY(calc(1deg * var(--rotate)));\r\n  transition:transform 0.2s ease-out;\r\n}\r\n.btn_front_default {\r\n  transform:skew(0) translateZ(0);\r\n  transition:transform 0.2s ease-out;\r\n}\r\n.btn_front_left:active {\r\n  transform:skewY(0) translateY(var(--raise));\r\n}\r\n.btn_front_right:active {\r\n  transform:skewY(0) translateY(var(--raise));\r\n}\r\n.btn_front_default:hover {\r\n  transform:translateY(calc(var(--raise)/ 2 ));\r\n}\r\n.btn_front_default:active {\r\n  transform:skewY(0) translateY(var(--raise));\r\n}',339),(313,'2024-11-06 11:15:58','2024-11-06 11:15:58','js','var raise=10;\r\nbtn = document.querySelector(\'.btn\');\r\n\r\n  var loading=false;\r\n  var style = btn.style;\r\n  style.setProperty(\'--raise\', raise+\'px\');\r\n  btn.addEventListener(\'mousemove\', event => {\r\n    if(raise>0){\r\n       const width = btn.offsetWidth;\r\n    const height = btn.offsetHeight;\r\n    const rotationDegrees = Math.atan((height * (raise) + raise) / (width )) ;\r\n    const btnWidth = btn.offsetWidth;\r\n    const mouseX = event.clientX - btn.getBoundingClientRect().left;\r\n\r\n    style.setProperty(\'--rotate\', (rotationDegrees));\r\n    style.setProperty(\'--rotate_invers\', (rotationDegrees * -1));\r\n\r\n    this.rotate_Y = -10 * ((mouseX - btnWidth / 2) / (btnWidth / 2));\r\n    if(this.rotate_Y>2){\r\n      btn.classList.remove(\'btn_shadow_default\', \'btn_shadow_left\');\r\n      btn.classList.add(\'btn_shadow_right\');\r\n      btn.querySelector(\'.btn_front\').classList.remove(\'btn_front_default\', \'btn_front_right\');\r\n      btn.querySelector(\'.btn_front\').classList.add(\'btn_front_left\');\r\n    }\r\n    if(this.rotate_Y>-2 && this.rotate_Y<2){\r\n      btn.classList.remove(\'btn_shadow_right\', \'btn_shadow_left\');\r\n      btn.classList.add(\'btn_shadow_default\');\r\n      btn.querySelector(\'.btn_front\').classList.remove(\'btn_front_right\', \'btn_front_left\');\r\n      btn.querySelector(\'.btn_front\').classList.add(\'btn_front_default\');\r\n    }\r\n    if(this.rotate_Y<-2){\r\n      console.log(\'right\');\r\n      btn.classList.remove(\'btn_shadow_right\', \'btn_shadow_default\');\r\n      btn.classList.add(\'btn_shadow_left\');\r\n      btn.querySelector(\'.btn_front\').classList.remove(\'btn_front_default\', \'btn_front_left\');\r\n      btn.querySelector(\'.btn_front\').classList.add(\'btn_front_right\');\r\n    }\r\n   \r\n    }\r\n  });',339),(314,'2024-11-06 11:23:01','2024-11-07 04:37:03','css','.btn {\r\n	--font_body_family: Ubuntu;\r\n	--height: 50px;\r\n	--width: 180px;\r\n	--raise: 20px;\r\n	--rounded: 10px;\r\n	--rotate: 1;\r\n	--rotate_invers: 0;\r\n	/* 1 * - 1*/\r\n	--border: 4px;\r\n	--border_style: solid #FF4769 var(--border);\r\n	--bg_front_color: #AAD3EA;\r\n	--bg_front_color_hover: rgba(170, 211, 234, 0.08);\r\n	--bg_shadow_color: #4B4B4B84;\r\n	--bg_back_color: #004c65;\r\n	--font_color: white;\r\n	--font_body_weight: 900;\r\n	--font_size: 22px;\r\n	height: calc(var(--height) + var(--raise));\r\n	font-family: var(--font_body_family);\r\n	width: var(--width);\r\n	color: var(--font_color);\r\n	font-size: var(--font_size);\r\n}\r\n\r\n.btn_primary {\r\n	--bg_shadow_color: rgba(217, 217, 217, 0.7);;\r\n	--bg_front_color: #FF1F48;\r\n	--bg_back_color: #E00029;\r\n	--border_style: solid #FF4769 var(--border);\r\n	--font_color: #fff;\r\n}\r\n\r\n.btn_shadow {\r\n	position: relative;\r\n	height: calc(var(--height) + var(--raise));\r\n	/*font-family:var(--font-body-family);*/\r\n	width: var(--width);\r\n	color: var(--font_color);\r\n	/*border: var(--border) solid transparent;*/\r\n}\r\n\r\n.btn_shadow:before {\r\n	content: \" \";\r\n	position: absolute;\r\n	top: 0;\r\n	height: var(--height);\r\n	margin-top: calc(var(--raise)*2);\r\n	width: var(--width);\r\n	background: var(--bg_shadow_color);\r\n	border-radius: var(--rounded);\r\n	border: var(--border) solid transparent;\r\n	transition: transform 0.2s ease-out;\r\n}\r\n\r\n.btn .btn_back {\r\n	width: var(--width);\r\n}\r\n\r\n.btn .btn_back:before {\r\n	content: \" \";\r\n	position: absolute;\r\n	top: 0;\r\n	height: var(--height);\r\n	margin-top: var(--raise);\r\n	width: var(--width);\r\n	background: var(--bg_back_color);\r\n	border-radius: var(--rounded);\r\n	border: var(--border) solid transparent;\r\n	transition: transform 0.1s ease-out;\r\n}\r\n\r\n.btn .btn_front {\r\n	position: absolute;\r\n	height: calc(var(--height));\r\n	width: var(--width);\r\n	top: 0;\r\n	background: var(--bg_front_color);\r\n	display: flex;\r\n	align-items: center;\r\n	justify-content: center;\r\n	border-radius: var(--rounded);\r\n	border: var(--border_style);\r\n	transition: transform 0.1s ease-out;\r\n}\r\n\r\n\r\n\r\n/* It is not necessary only for the body*/\r\n.h-screen {\r\n	height: 90vh;\r\n}\r\n\r\n.mt-36 {\r\n	margin-top: 136px;\r\n}\r\n\r\n.justify-center {\r\n	justify-content: center;\r\n}\r\n\r\n.items-center {\r\n	align-items: center;\r\n}\r\n\r\n.flex-wrap {\r\n	flex-wrap: wrap;\r\n}\r\n\r\n.flex-col {\r\n	flex-direction: column;\r\n}\r\n\r\n.flex {\r\n	display: flex;\r\n}\r\n\r\n.mt-auto {\r\n	margin-top:auto;\r\n}',344),(315,'2024-11-06 11:27:26','2024-11-07 04:37:03','html','<div class=\"flex flex-col justify-center items-center h-screen\">\r\n<div class=\"btn btn_primary btn_shadow\" >\r\n  <div class=\"btn_back\">\r\n    <div class=\"btn_front\">\r\n      <p>Button</p>\r\n    </div>\r\n  </div>\r\n</div>\r\n  <input class=\"mt-auto\" type=\"range\" id=\"button_range\" min=\"0\" max=\"80\" value=\"20\" oninput=\"obtenerValor()\">\r\n<p id=\"valor_actual\">Valor actual: 20</p> \r\n</div>',344),(316,'2024-11-06 11:27:26','2024-11-07 04:37:03','js','var raise=20;\r\n \r\nfunction obtenerValor() {\r\n  // Obtn el elemento input por su ID\r\n  var rangeInput = document.getElementById(\"button_range\");\r\n\r\n  // Obtn el valor actual del input de rango\r\n  var valor = rangeInput.value;\r\n  var btn = document.querySelector(\".btn\");\r\n    var style = btn.style;\r\n  style.setProperty(\'--raise\', valor+\'px\');\r\n  raise=valor;\r\n  // Actualiza el texto para mostrar el valor actual\r\n  document.getElementById(\"valor_actual\").textContent = \"Valor actual: \" + valor;\r\n}',344),(317,'2024-11-06 11:50:05','2024-11-06 11:50:05','html','<div class=\"flex flex-col flex-wrap overflow-x-hidden  justify-center items-center h-screen\">\r\n<div class=\"btn btn_primary btn_shadow btn_loading\" >\r\n  <div class=\"btn_back\">\r\n    <div class=\"btn_front\">\r\n      <div class=\"btn_loading_wrapp opacity-0\">\r\n         <div class=\"bubble\">\r\n          <div id=\"water\" class=\"water\">\r\n            <svg viewBox=\"0 0 560 40\" class=\"water_wave water_wave_back\">\r\n              <path d=\"M140 20C70 20 70 0 0 0V40H560V0C490 0 490 20 420 20C350 20 350 0 280 0C210 0 210 20 140 20Z\" />\r\n            </svg>\r\n            <svg viewBox=\"0 0 560 40\" class=\"water_wave water_wave_front\">\r\n              <path d=\"M140 20C70 20 70 0 0 0V40H560V0C490 0 490 20 420 20C350 20 350 0 280 0C210 0 210 20 140 20Z\" />\r\n            </svg>\r\n\r\n            <div class=\"liquid\"> \r\n            </div> \r\n          </div>\r\n          </div>\r\n        <p class=\"txt_loading\">Loading</p>\r\n        <p class=\"txt_loaded hidden\">succes</p>\r\n      </div>\r\n      <p>Hover</p>\r\n    </div>\r\n  </div> \r\n</div> \r\n</div>',347),(318,'2024-11-06 11:50:05','2024-11-06 12:00:40','css','.btn{\r\n  --font-body-family:-apple-system,BlinkMacSystemFont,Segoe UI,Roboto,Oxygen,Ubuntu,Cantarell,Fira Sans,Droid Sans,Helvetica Neue,sans-serif;\r\n  --height: 50px;\r\n  --raise: 10px;  \r\n  --rounded: 5px;\r\n  --rotate: 1;\r\n  --rotate_invers: 1 * - 1;\r\n  --border:4px;\r\n  --border_style:solid #004c65 var(--border);\r\n  --bg-front-color: #AAD3EA;\r\n  --bg-shadow-color: #4B4B4B84;\r\n  --bg-back-color: #004c65;\r\n  --font-color: white;\r\n  --font-body-weight:800;\r\n  --width:180px;\r\n}\r\n \r\n.btn_primary{\r\n  --bg-shadow-color: #D9D9D9; \r\n  --bg-front-color: #FF1F48;\r\n  --bg-back-color: #E00029;  \r\n  --border_style:solid #FF4769 var(--border);\r\n  --font-color: #fff;\r\n} \r\n\r\n.btn p{\r\n  font-weight:var(--font-body-weight);\r\n}\r\n.btn_shadow {\r\n  height: calc(var(--height) + var(--raise));\r\n  font-family:var(--font-body-family);\r\n  width:var(--width);\r\n  color:var(--font-color);\r\n  border: var(--border) solid transparent;\r\n}\r\n.btn_shadow:before {\r\n  content:\" \";\r\n  position:absolute;\r\n  height: var(--height);\r\n  margin-top: calc(var(--raise) + (var(--raise)/1.2)); \r\n  width:var(--width);\r\n  background: var(--bg-shadow-color);\r\n  border-radius: var(--rounded);\r\n  transition:transform 0.2s ease-out;\r\n  border: var(--border) solid transparent;\r\n}\r\n.btn .btn_back:before{\r\n  content:\" \";\r\n  position: absolute;\r\n  height: var(--height);\r\n  margin-top: var(--raise);\r\n  width:var(--width);\r\n  border: var(--border) solid transparent;\r\n  background: var(--bg-back-color);\r\n  border-radius:var(--rounded);\r\n  transition:transform 0.1s ease-out;\r\n} \r\n.btn .btn_front{\r\n  position: absolute;\r\n  height: var(--height);\r\n  width:var(--width);\r\n  background: var(--bg-front-color);\r\n  display: flex;\r\n  align-items: center;\r\n  justify-content: center;\r\n  border-radius:var(--rounded);\r\n  border: var(--border_style);\r\n  transition:transform 0.1s ease-out;\r\n}\r\n\r\n\r\n/*on mouse move in button zone add classes*/\r\n.btn_shadow_left:before{\r\n  transition: transform 0.2s ease-out;\r\n  transform:skewY(calc(1deg * var(--rotate_invers)));\r\n}\r\n.btn_shadow_right:before{\r\n  transition:transform 0.2s ease-out;\r\n  transform:skewY(calc(1deg * var(--rotate)));\r\n}\r\n.btn_shadow_default:before{\r\n  transform:skew(0) translateZ(0);\r\n}\r\n\r\n.btn_shadow_default:hover:before{\r\n  transform: translateY(-5px);\r\n}\r\n.btn_shadow_default:active:before{\r\n  transform: translateY(calc((var(--raise)/1.2) * -1 ));\r\n}\r\n.btn_shadow_left:active:before{\r\n  transform: translateY(calc((var(--raise)/1.2) * -1 ));\r\n}\r\n.btn_shadow_right:active:before{\r\n  transform: translateY(calc((var(--raise)/1.2) * -1 ));\r\n}\r\n/*btn_front events*/\r\n.btn_front_left{\r\n  transform:skewY(calc(1deg * var(--rotate_invers)));\r\n}\r\n.btn_front_right{\r\n  transform:skewY(calc(1deg * var(--rotate)));\r\n  transition:transform 0.2s ease-out;\r\n}\r\n.btn_front_default{\r\n  transform:skew(0) translateZ(0);\r\n  transition:transform 0.2s ease-out;\r\n}\r\n\r\n.btn_front_left:active{\r\n  transform:skewY(0) translateY(var(--raise));\r\n}\r\n.btn_front_right:active{\r\n  transform:skewY(0) translateY(var(--raise));\r\n}\r\n.btn_front_default:hover{\r\n  transform: translateY(calc(var(--raise) * 0.5));\r\n\r\n}\r\n.btn_front_default:active{\r\n  transform:skewY(0) translateY(var(--raise));\r\n}\r\n\r\n/*loading*/\r\n.btn_loading_wrapp{\r\n  position: absolute;\r\n  height: var(--height);\r\n   width:var(--width);\r\n\r\n  margin-left:calc(var(--border)*-1);/* padding for borders of parent */\r\n  margin-right:calc(var(--border)*-1);/* padding for borders of parent */\r\n  background: var(--bg-back-color);\r\n  display: flex;\r\n  align-items: center;\r\n  justify-content: center;\r\n  border-radius:var(--rounded);\r\n  border: var(--border_style);\r\n  overflow: hidden;\r\n  z-index:1;\r\n}\r\n\r\n.btn_loading_wrapp:before{\r\n  content:\" \";\r\n  position: absolute;\r\n  height: var(--height);\r\n  width: 0;\r\n  left: 0;\r\n  right: 0;\r\n  background: var(--bg-front-color);\r\n  z-index:-1;\r\n}\r\n\r\n.btn_loading_2:before{\r\n  width:100%;\r\n  transition: width 1s ease-in;\r\n}\r\n \r\n\r\n/*animation text*/\r\n.btn_loading_2 .txt_loading{\r\n  animation: slide-up 0.5s ease-in-out;\r\n    position:absolute\r\n\r\n}\r\n.btn_loading_2 .txt_loaded{\r\n  animation: slide-down 0.5s ease-in-out;\r\n    position:absolute\r\n\r\n}\r\n@keyframes slide-down {\r\n  0% {\r\n    transform: translateY(-150%);\r\n    opacity: 0;\r\n  }\r\n  100% {\r\n    transform: translateY(0);\r\n    opacity: 1;\r\n  }\r\n}\r\n@keyframes slide-up {\r\n  0% {\r\n    transform: translateY(150%);\r\n    opacity: 0;\r\n  }\r\n  100% {\r\n    transform: translateY(0);\r\n    opacity: 1;\r\n  }\r\n}\r\n\r\n/* water*/\r\n.bubble { \r\n/*     --bg-front-color: #95D44A; */\r\n/*   --bg-back-color: #52A934; */\r\n  --bg_front_color:#E00029;\r\n  --bg_back_color:#FF4769; \r\n  width: 100%; \r\n  height: 100%;\r\n  background-color: var(--bg-front-color);\r\n  overflow: hidden;\r\n  transform: translate(0, 0);\r\n/* 	border-radius:var(--rounded); */\r\n}\r\n.bubble .water {\r\n  position: absolute;\r\n  left: 0;\r\n  top: 0;\r\n  z-index: 2;\r\n  width: 100%;\r\n  height: 100%;\r\n  -webkit-transform: translate(0, 100%);\r\n  transform: translate(0, 100%); \r\n} \r\n.bubble .water_wave_back {\r\n  width:200%;\r\n  left: 0;\r\n  top:0;\r\n  position:relative;\r\n  fill: var(--bg_back_color);\r\n  \r\n  animation: wave-back 0.8s infinite linear;\r\n}\r\n.bubble .water_wave_front {\r\n    margin-top: 8px;\r\n  width:200%;\r\n  left: 0;\r\n  top:0;\r\n  position:absolute;\r\n  fill: var(--bg_front_color);\r\n  animation: wave-front 0.6s infinite linear;\r\n}\r\n\r\n.liquid{\r\n  background:var(--bg_front_color);\r\n  width: 100%;\r\n  height: 120%;\r\n  margin-top:-6px;\r\n  \r\n}\r\n\r\n\r\n@keyframes wave-front {\r\n  100% { \r\n    transform: translate(-50%, 0);\r\n  }\r\n}\r\n@keyframes wave-back {\r\n  100% {\r\n    transform: translate(-50%, 0);\r\n  }\r\n}',347),(319,'2024-11-06 11:50:05','2024-11-06 12:00:11','js','var raise=10; \r\nbtn = document.querySelector(\'.btn\');\r\n\r\n  var loading=false;\r\n  var style = btn.style; \r\n  style.setProperty(\'--raise\', raise+\'px\');\r\n  btn.addEventListener(\'mousemove\', event => {\r\n    if(raise>0){\r\n       const width = btn.offsetWidth;\r\n    const height = btn.offsetHeight;\r\n    const rotationDegrees = Math.atan((height * (raise) + raise) / (width )) ;\r\n    const btnWidth = btn.offsetWidth;\r\n    const mouseX = event.clientX - btn.getBoundingClientRect().left;\r\n\r\n    style.setProperty(\'--rotate\', (rotationDegrees));\r\n    style.setProperty(\'--rotate_invers\', (rotationDegrees * -1));\r\n\r\n    this.rotate_Y = -10 * ((mouseX - btnWidth / 2) / (btnWidth / 2));\r\n    if(this.rotate_Y>2){\r\n      btn.classList.remove(\'btn_shadow_default\', \'btn_shadow_left\');\r\n      btn.classList.add(\'btn_shadow_right\');\r\n      btn.querySelector(\'.btn_front\').classList.remove(\'btn_front_default\', \'btn_front_right\');\r\n      btn.querySelector(\'.btn_front\').classList.add(\'btn_front_left\');\r\n    }\r\n    if(this.rotate_Y>-2 && this.rotate_Y<2){\r\n      btn.classList.remove(\'btn_shadow_right\', \'btn_shadow_left\');\r\n      btn.classList.add(\'btn_shadow_default\');\r\n      btn.querySelector(\'.btn_front\').classList.remove(\'btn_front_right\', \'btn_front_left\');\r\n      btn.querySelector(\'.btn_front\').classList.add(\'btn_front_default\');\r\n    }\r\n    if(this.rotate_Y<-2){\r\n      console.log(\'right\');\r\n      btn.classList.remove(\'btn_shadow_right\', \'btn_shadow_default\');\r\n      btn.classList.add(\'btn_shadow_left\');\r\n      btn.querySelector(\'.btn_front\').classList.remove(\'btn_front_default\', \'btn_front_left\');\r\n      btn.querySelector(\'.btn_front\').classList.add(\'btn_front_right\');\r\n    }\r\n   \r\n    }\r\n  });\r\n  btn.addEventListener(\"click\", function() {\r\n    if(!loading){\r\n      //loading=true;\r\n    console.log(\'eeeeee\')\r\n    const childElement= btn.querySelector(\'.btn_loading_wrapp\');\r\n    childElement.classList.remove(\'opacity-0\');\r\n    childElement.classList.add(\'flex\',\'btn_loading_2\');\r\n    document.querySelector(\'.btn_loading\').style.pointerEvents = \"none\";\r\n    document.querySelector(\'.btn_front\').style.pointerEvents = \"none\";\r\n    //document.querySelector(\'.btn_front\').style.opacity = \"0.8\";\r\n    document.querySelector(\'.txt_loaded\').classList.add(\'hidden\');\r\n    document.querySelector(\'.txt_loading\').classList.remove(\'hidden\');\r\n                /* water effect loading */\r\n    const water = document.querySelector(\".water\");\r\n\r\nlet percent = 0;\r\nlet x = 150;\r\n\r\nconst interval = setInterval(() => { \r\n  percent++;\r\n  water.style.transform = `translate(0, ${100 - percent}%)`;\r\n  if (percent === x) {\r\n    clearInterval(interval);\r\n  }\r\n}, 10);\r\n      \r\n    setTimeout(function() {\r\n        document.querySelector(\'.txt_loaded\').classList.remove(\'hidden\');\r\n    	document.querySelector(\'.txt_loading\').classList.add(\'hidden\');\r\n          setTimeout(function() {\r\n     childElement.classList.add(\'opacity-0\');\r\n    childElement.classList.remove(\'flex\',\'btn_loading_2\');\r\n    document.querySelector(\'.btn_loading\').style.pointerEvents = \"auto\";\r\n    document.querySelector(\'.btn_front\').style.pointerEvents = \"auto\";\r\n    //document.querySelector(\'.btn_front\').style.opacity = \"1\";\r\n    }, 1000);\r\n    }, 3000);\r\n    }\r\n  });',347),(321,'2024-11-06 18:21:54','2024-11-06 18:22:18','text_label','Como extra, podemos agregar otra animación de progreso; en este caso, el efecto de agua usando el contenedor bubble, que contiene el agua (water) y el líquido (liquid).',346),(322,'2024-11-06 18:25:02','2024-11-06 18:28:28','styles','font-semibold text-3xl md:text-4xl xl:text-5xl  text-textPrimary pt-20',349),(323,'2024-11-06 18:25:21','2024-11-06 18:25:21','text_label','Conclusión',349),(324,'2024-11-06 23:34:39','2024-11-06 23:34:39','styles','relative m-0  bg-transparent  shadow-none  mx-auto',318),(325,'2024-11-06 23:36:18','2024-11-07 05:35:19','raise','10',318),(326,'2024-11-06 23:36:30','2024-11-06 23:40:46','border','1px',318),(327,'2024-11-06 23:40:46','2024-11-06 23:41:23','border_style','solid #FF4769 4px',318),(328,'2024-11-06 23:41:59','2024-11-07 00:22:03','rounded','3px',318),(329,'2024-11-07 02:41:24','2024-11-07 02:41:24','height','40px',318),(330,'2024-11-07 02:41:24','2024-11-07 02:41:24','width','150px',318),(331,'2024-11-07 02:49:03','2024-11-07 02:49:03','ripple','false',318),(332,'2024-11-07 04:54:40','2024-11-07 17:12:59','text_label','Prueba a modificar la elevación para ver una vista explosionada de las capas',351),(333,'2024-11-07 04:54:52','2024-11-07 04:55:06','styles','text-textPrimary pt-20',351),(334,'2024-11-07 04:55:52','2024-11-07 04:59:25','text_label','Explicacion del css',353),(335,'2024-11-07 04:55:52','2024-11-07 17:54:40','text_label','.btn :\r\n\r\nDefine variables esenciales como la altura, el ancho y la elevación 3D.\r\nHeight: calcula la altura combinando la altura base y la elevación (raise) de las capas de sombra y fondo.\r\nPosition: relative es esencial para el efecto de sombra y profundidad, ya que permite que los elementos hijos con posición absoluta tomen como referencia la capa principal.',355),(337,'2024-11-07 04:55:52','2024-11-07 17:37:36','text_label','.btn_primary : \r\n\r\nPermite aplicar diferentes combinaciones de colores y efectos sin duplicar la estructura principal del botón,\r\nejemplo: \'.btn_primary\', \'.btn_secondary\', etc.',356),(338,'2024-11-07 04:59:47','2024-11-07 19:12:25','css','.btn {\r\n  /*--font_body_family: Ubuntu; ...*/\r\n  height:calc(var(--height) + var(--raise)*2);\r\n  font-family:var(--font_body_family);\r\n  width:calc(var(--width));\r\n  color:var(--font_color);\r\n  font-weight:var(--font_body_weight);\r\n  font-size:var(--font_size);\r\n  position:relative;\r\n}\r\n\r\n.btn_primary {\r\n  --bg_shadow_color:rgba(217,217,217,0.7);\r\n  --bg_front_color:#FF1F48;\r\n  --bg_back_color:#E00029;\r\n  --border_style:solid #FF4769 var(--border);\r\n  --font_color:#fff;\r\n}\r\n\r\n.btn_shadow:before {\r\n  content:\" \";\r\n  position:absolute; \r\n  top:0;\r\n  height:calc(var(--height));\r\n  margin-top:calc(var(--raise)*2);\r\n  width:var(--width);\r\n  background:var(--bg_shadow_color);\r\n  border-radius:var(--rounded);\r\n  border:var(--border) solid transparent;\r\n}\r\n.btn .btn_back {\r\n  width:var(--width);\r\n}\r\n.btn .btn_back:before {\r\n  content:\" \";\r\n  position:absolute;\r\n  height:calc(var(--height));\r\n  margin-top:var(--raise);\r\n  width:var(--width);\r\n  background:var(--bg_back_color);\r\n  border-radius:var(--rounded);\r\n  border:var(--border) solid transparent;\r\n}\r\n.btn .btn_front {\r\n  position:absolute;\r\n  height:calc(var(--height));\r\n  width:calc(var(--width));\r\n  background:var(--bg_front_color);\r\n  display:flex;\r\n  align-items:center;\r\n  justify-content:center;\r\n  border-radius:var(--rounded);\r\n  border:var(--border_style);\r\n}',354),(339,'2024-11-07 05:00:50','2024-11-07 05:00:50','height','h-[600px]',354),(340,'2024-11-07 17:53:07','2024-11-07 17:53:07','text_label','.btn_shadow:before\r\n\r\nCapa de sombra, al crear la sombra con un pseudo-elemento (:before) y\r\nposition: absolute, la sombra se puede diseñar, mover y estilizar independientemente del contenido del botón,\r\nusando un margin-top desplazamos hacia abajo dos veces la elevacion la de la sombra + la capa intermedia.',359),(341,'2024-11-07 17:57:47','2024-11-07 17:57:47','text_label','.btn .btn_back:before\r\n\r\n Capa de intermedia, situada entre la sombra y la capa frontal del botón, \r\n se comporta de manera similar a la sombra, pero desplazada solo una vez en lugar de dos, usando margin-top.',357),(342,'2024-11-07 17:59:01','2024-11-07 17:59:48','text_label','.btn_front:\r\n\r\nLa capa visible del botón, que está posicionada sobre las demás capas, position: absolute la coloca en la parte superior.\r\nEl contenido se centra vertical y horizontalmente con display: flex.',358),(344,'2024-11-07 21:49:03','2024-11-08 03:28:58','styles','absolute left-0 top-0 bg-bgPrim rounded-full -translate-y-[24px] -translate-x-[24px] p-2 h-10 w-10',369),(345,'2024-11-07 21:50:43','2024-11-08 03:28:35','styles','text-blue-300 fa-solid fa-circle-info text-[24px]',370),(354,'2024-11-07 22:07:34','2024-11-07 22:07:34','styles','absolute   left-0 top-0 bg-bgPrim rounded-full  -translate-y-[24px] -translate-x-[24px] p-2 h-10 w-10',392),(355,'2024-11-07 22:07:34','2024-11-07 22:07:34','styles','text-blue-300	 fa-solid fa-circle-info text-[24px]',393),(356,'2024-11-07 22:08:27','2024-11-07 22:08:57','text_label','Sin content, los pseudo-elementos ::before o ::after no se renderizan en absoluto. \r\nAl establecer content: \" \";, aunque el contenido sea vacío, \r\npermite que el pseudo-elemento se muestre y que los demás estilos (como background, position, y height) se apliquen.',391),(357,'2024-11-07 22:09:13','2024-11-07 22:09:13','text_label','¿Por qué se usa content: \" \";?',390),(358,'2024-11-07 22:09:47','2024-11-07 22:09:47','styles','font-semibold text-xl md:text-2xl xl:text-3xl  text-textPrimary',390),(359,'2024-11-08 00:19:46','2024-11-08 00:19:46','styles','flex w-full bg-bgSeco justify-center items-center\r\ncol-span-6',395),(360,'2024-11-08 00:19:46','2024-11-08 00:19:46','styles','max-w-6xl w-full p-10 gap-6 pb-20\r\ncol-span-6',396),(361,'2024-11-08 00:19:46','2024-11-08 00:19:46','text_label','Cómo Crear un Botón 3D en CSS',397),(362,'2024-11-08 00:19:46','2024-11-08 00:19:46','styles','font-semibold text-5xl  text-textPrimary',397),(363,'2024-11-08 00:19:46','2024-11-08 00:19:46','text_label','Guía Paso a Paso',398),(364,'2024-11-08 00:19:46','2024-11-08 00:44:21','styles','flex flex-col w-full p-0 gap-6 py-20 text-xlmin-h-10 bg-bgPrim justify-center items-center',399),(419,'2024-11-08 00:27:52','2024-11-08 01:37:27','styles','grid grid-cols-1 md:grid-cols-6\r\nmin-h-10\r\nbg-bgPrim  max-w-6xl p-10\r\ngap-10\r\nrelative',436),(420,'2024-11-08 00:30:08','2024-11-08 02:30:41','styles','flex flex-col w-full min-h-10 col-span-4 p-2',438),(432,'2024-11-08 01:53:43','2024-11-08 02:17:03','styles','col-span-2  relative h-auto',456),(433,'2024-11-08 01:54:21','2024-11-08 20:29:42','styles','sticky top-[70px]',457),(437,'2024-11-08 02:29:00','2024-11-08 03:18:06','list','title 1,title 2,title 3',457),(461,'2024-11-08 02:47:02','2024-11-08 03:30:48','styles','absolute left-0 top-0 bg-bgPrim rounded-full -translate-y-[24px] -translate-x-[24px] p-2 h-10 w-10',496),(462,'2024-11-08 02:47:02','2024-11-08 03:31:05','styles','text-blue-300 fa-solid fa-circle-info text-[24px]',497),(463,'2024-11-08 02:49:37','2024-11-08 03:41:52','styles','w-full p-4 rounded-md bg-bgSeco border-l-4 border-b-4 border-blue-300 p-0 gap-4 flex flex-col relative relative',495),(466,'2024-11-08 02:50:51','2024-11-08 03:32:07','styles','absolute   left-0 top-0 bg-bgPrim rounded-full  -translate-y-[24px] -translate-x-[24px]  h-10 w-10',506),(468,'2024-11-08 02:51:03','2024-11-08 03:42:12','styles','w-full p-4 rounded-md bg-bgSeco border-l-4 border-blue-300 p-0 gap-4 flex flex-col relative border-t-4',500),(469,'2024-11-08 02:51:37','2024-11-08 03:43:55','styles','w-full p-4 rounded-md bg-bgSeco border-l-4 border-blue-300 p-0 gap-4 flex flex-col relative relative  my-2',505),(471,'2024-11-08 02:53:20','2024-11-08 03:20:19','text_label','1',510),(472,'2024-11-08 02:57:25','2024-11-08 03:06:12','styles','flex items-center justify-center h-10 w-10 text-textPrimary whitespace-pre-line rounded-full border-4 border-blue-300',510),(473,'2024-11-08 03:00:06','2024-11-08 03:17:51','text_label','Lorem Ipsum es simplemente el texto de relleno de las imprentas y archivos de texto. Lorem Ipsum ha sido el texto de relleno estándar de las industrias desde el año 1500Lorem Ipsum es simplemente el texto de relleno de las imprentas y archivos de texto. Lorem Ipsum ha sido el texto de relleno estándar de las industrias desde el año 1500',499),(474,'2024-11-08 03:02:38','2024-11-08 03:04:20','styles','absolute   left-0 top-0 bg-bgPrim rounded-full  h-10 w-10  -translate-y-[24px] -translate-x-[24px]',501),(483,'2024-11-08 03:13:27','2024-11-08 03:18:00','text_label','title 3',498),(485,'2024-11-08 03:15:43','2024-11-08 03:15:43','anchor','title 2',508),(486,'2024-11-08 03:15:49','2024-11-08 03:15:49','text_label','title 2',508),(487,'2024-11-08 03:16:02','2024-11-08 03:16:02','text_label','title 1',503),(488,'2024-11-08 03:16:02','2024-11-08 03:16:02','anchor','title 1',503),(489,'2024-11-08 03:16:16','2024-11-08 03:17:28','text_label','Lorem Ipsum es simplemente el texto de relleno de las imprentas y archivos de texto. Lorem Ipsum ha sido el texto de relleno estándar de las industrias desde el año 1500\r\n\r\nLorem Ipsum es simplemente el texto de relleno de las imprentas y archivos de texto. Lorem Ipsum ha sido el texto de relleno estándar de las industrias desde el año 1500Lorem Ipsum es simplemente el texto de relleno de las imprentas y archivos de texto. Lorem Ipsum ha sido el texto de relleno estándar de las industrias desde el año 1500',504),(490,'2024-11-08 03:16:31','2024-11-08 03:17:40','text_label','Lorem Ipsum es simplemente el texto de relleno de las imprentas y archivos de texto. Lorem Ipsum ha sido el texto de relleno estándar de las industrias desde el año 1500\r\n\r\nLorem Ipsum es simplemente el texto de relleno de las imprentas y archivos de texto. Lorem Ipsum ha sido el texto de relleno estándar de las industrias desde el año 1500Lorem Ipsum es simplemente el texto de relleno de las imprentas y archivos de texto. Lorem Ipsum ha sido el texto de relleno estándar de las industrias desde el año 1500\r\n\r\nLorem Ipsum es simplemente el texto de relleno de las imprentas y archivos de texto. Lorem Ipsum ha sido el texto de relleno estándar de las industrias desde el año 1500',509),(491,'2024-11-08 03:18:00','2024-11-08 03:18:00','anchor','title 3',498),(492,'2024-11-08 03:32:48','2024-11-08 03:32:48','styles','flex items-center justify-center h-10 w-10 text-textPrimary whitespace-pre-line rounded-full border-4 border-blue-300',521),(493,'2024-11-08 03:33:08','2024-11-08 03:33:08','text_label','2',521),(494,'2024-11-08 03:52:32','2024-11-08 03:52:52','styles','w-full p-4 rounded-md bg-bgSeco border-l-4 border-b-4 border-blue-300 p-0 gap-4 flex flex-col relative relative my-4',389);
/*!40000 ALTER TABLE `subcomponent_attribute` ENABLE KEYS */;
UNLOCK TABLES;

--
-- Table structure for table `users`
--

DROP TABLE IF EXISTS `users`;
/*!40101 SET @saved_cs_client     = @@character_set_client */;
/*!50503 SET character_set_client = utf8mb4 */;
CREATE TABLE `users` (
  `id` bigint unsigned NOT NULL AUTO_INCREMENT,
  `name` varchar(255) CHARACTER SET utf8mb4 COLLATE utf8mb4_unicode_ci NOT NULL,
  `email` varchar(255) CHARACTER SET utf8mb4 COLLATE utf8mb4_unicode_ci NOT NULL,
  `email_verified_at` timestamp NULL DEFAULT NULL,
  `password` varchar(255) COLLATE utf8mb4_unicode_ci DEFAULT NULL,
  `phone` varchar(255) CHARACTER SET utf8mb4 COLLATE utf8mb4_unicode_ci NOT NULL,
  `address` varchar(255) CHARACTER SET utf8mb4 COLLATE utf8mb4_unicode_ci NOT NULL,
  `firstName` varchar(255) CHARACTER SET utf8mb4 COLLATE utf8mb4_unicode_ci NOT NULL,
  `lastName` varchar(255) CHARACTER SET utf8mb4 COLLATE utf8mb4_unicode_ci NOT NULL,
  `remember_token` varchar(100) CHARACTER SET utf8mb4 COLLATE utf8mb4_unicode_ci DEFAULT NULL,
  `created_at` timestamp NULL DEFAULT NULL,
  `updated_at` timestamp NULL DEFAULT NULL,
  PRIMARY KEY (`id`),
  UNIQUE KEY `users_email_unique` (`email`)
) ENGINE=InnoDB AUTO_INCREMENT=10 DEFAULT CHARSET=utf8mb4 COLLATE=utf8mb4_unicode_ci;
/*!40101 SET character_set_client = @saved_cs_client */;

--
-- Dumping data for table `users`
--

LOCK TABLES `users` WRITE;
/*!40000 ALTER TABLE `users` DISABLE KEYS */;
INSERT INTO `users` VALUES (1,'superadmin','superadmin@gmail.com',NULL,'$2y$10$KGOPo3tq2s735phYCdSQD.X2NdjE847Ufs9SJ2rJdTWLEMvayJINW','977502170','Calle','super','admin',NULL,'2024-09-24 15:16:48','2024-09-24 15:16:48'),(2,'test','client_ecommerce@gmail.com',NULL,'$2y$10$v97tKuShNdT4Q7SpGARlZ.Ql0XE1.dRxaxCHKwEih7cMRzmprq2hu','phone','address','firstName','lastName',NULL,'2024-11-14 18:43:08','2024-11-14 18:43:08'),(9,'ffores','ffores93@gmail.com',NULL,NULL,'phone','address','firstName','lastName',NULL,'2024-11-14 22:13:31','2024-11-14 22:13:31');
/*!40000 ALTER TABLE `users` ENABLE KEYS */;
UNLOCK TABLES;
/*!40103 SET TIME_ZONE=@OLD_TIME_ZONE */;

/*!40101 SET SQL_MODE=@OLD_SQL_MODE */;
/*!40014 SET FOREIGN_KEY_CHECKS=@OLD_FOREIGN_KEY_CHECKS */;
/*!40014 SET UNIQUE_CHECKS=@OLD_UNIQUE_CHECKS */;
/*!40101 SET CHARACTER_SET_CLIENT=@OLD_CHARACTER_SET_CLIENT */;
/*!40101 SET CHARACTER_SET_RESULTS=@OLD_CHARACTER_SET_RESULTS */;
/*!40101 SET COLLATION_CONNECTION=@OLD_COLLATION_CONNECTION */;
/*!40111 SET SQL_NOTES=@OLD_SQL_NOTES */;

-- Dump completed on 2024-11-15 22:00:10
